"raceId","resultId","grid","year","Air.Temp","Track.Temp","Wind.Speed","track_group","driverRef","team_rank","final_position","constructorRef","circuitRef","Rainfall2"
989,23789,15,2018,"24.077477477477483","36.324324324324316","3.6918918918918915","Med_Speed","bottas",4,5,"mercedes","albert_park","Wet"
989,23787,4,2018,"24.077477477477483","36.324324324324316","3.6918918918918915","Med_Speed","max_verstappen",3,4,"red_bull","albert_park","Wet"
989,23792,12,2018,"24.077477477477483","36.324324324324316","3.6918918918918915","Med_Speed","perez",7,7,"force_india","albert_park","Wet"
989,23784,2,2018,"24.077477477477483","36.324324324324316","3.6918918918918915","Med_Speed","raikkonen",1,3,"ferrari","albert_park","Wet"
989,23791,9,2018,"24.077477477477483","36.324324324324316","3.6918918918918915","Med_Speed","sainz",6,6,"renault","albert_park","Wet"
1010,24207,5,2019,"23.477868852459014","41.31311475409837","1.166393442622951","Med_Speed","leclerc",3,5,"ferrari","albert_park","Dry"
1010,24203,2,2019,"23.477868852459014","41.31311475409837","1.166393442622951","Med_Speed","bottas",1,1,"mercedes","albert_park","Dry"
1010,24213,17,2019,"23.477868852459014","41.31311475409837","1.166393442622951","Med_Speed","gasly",5,8,"red_bull","albert_park","Dry"
1010,24210,9,2019,"23.477868852459014","41.31311475409837","1.166393442622951","Med_Speed","raikkonen",7,6,"alfa","albert_park","Dry"
1010,24206,3,2019,"23.477868852459014","41.31311475409837","1.166393442622951","Med_Speed","vettel",3,4,"ferrari","albert_park","Dry"
1010,24215,10,2019,"23.477868852459014","41.31311475409837","1.166393442622951","Med_Speed","perez",8,9,"racing_point","albert_park","Dry"
989,23795,13,2018,"24.077477477477483","36.324324324324316","3.6918918918918915","Med_Speed","stroll",8,9,"williams","albert_park","Wet"
1010,24204,1,2019,"23.477868852459014","41.31311475409837","1.166393442622951","Med_Speed","hamilton",1,2,"mercedes","albert_park","Dry"
989,23782,3,2018,"24.077477477477483","36.324324324324316","3.6918918918918915","Med_Speed","vettel",1,1,"ferrari","albert_park","Wet"
1010,24211,16,2019,"23.477868852459014","41.31311475409837","1.166393442622951","Med_Speed","stroll",8,7,"racing_point","albert_park","Dry"
989,23794,18,2018,"24.077477477477483","36.324324324324316","3.6918918918918915","Med_Speed","leclerc",9,8,"sauber","albert_park","Wet"
1010,24205,4,2019,"23.477868852459014","41.31311475409837","1.166393442622951","Med_Speed","max_verstappen",5,3,"red_bull","albert_park","Dry"
989,23783,1,2018,"24.077477477477483","36.324324324324316","3.6918918918918915","Med_Speed","hamilton",4,2,"mercedes","albert_park","Wet"
1046,24933,1,2020,"20.947244094488195","23.469291338582668","1.9480314960629919","Med_Speed","bottas",1,4,"mercedes","bahrain","Dry"
1046,24928,10,2020,"20.947244094488195","23.469291338582668","1.9480314960629919","Med_Speed","stroll",2,2,"racing_point","bahrain","Dry"
1045,24915,12,2020,"25.09907407407407","27.548148148148147","0.8430555555555557","Med_Speed","leclerc",6,6,"ferrari","bahrain","Dry"
1052,24975,10,2021,"20.53834586466165","27.627819548872182","0.8872180451127819","Med_Speed","stroll",9,7,"aston_martin","bahrain","Dry"
1011,24225,1,2019,"26.210852713178294","28.610852713178296","2.7108527131782947","Med_Speed","leclerc",1,3,"ferrari","bahrain","Dry"
1011,24226,5,2019,"26.210852713178294","28.610852713178296","2.7108527131782947","Med_Speed","max_verstappen",5,4,"red_bull","bahrain","Dry"
1052,24966,2,2021,"20.53834586466165","27.627819548872182","0.8872180451127819","Med_Speed","hamilton",1,1,"mercedes","bahrain","Dry"
990,23812,10,2018,"27.982524271844653","32.19805825242719","0.9582524271844662","Med_Speed","sainz",5,5,"renault","bahrain","Dry"
1045,24913,2,2020,"25.09907407407407","27.548148148148147","0.8430555555555557","Med_Speed","bottas",1,5,"mercedes","bahrain","Dry"
1046,24937,13,2020,"20.947244094488195","23.469291338582668","1.9480314960629919","Med_Speed","vettel",5,6,"ferrari","bahrain","Dry"
1045,24911,8,2020,"25.09907407407407","27.548148148148147","0.8430555555555557","Med_Speed","gasly",4,4,"alphatauri","bahrain","Dry"
1052,24967,1,2021,"20.53834586466165","27.627819548872182","0.8872180451127819","Med_Speed","max_verstappen",3,2,"red_bull","bahrain","Dry"
1052,24968,3,2021,"20.53834586466165","27.627819548872182","0.8872180451127819","Med_Speed","bottas",1,3,"mercedes","bahrain","Dry"
1052,24982,5,2021,"20.53834586466165","27.627819548872182","0.8872180451127819","Med_Speed","gasly",7,10,"alphatauri","bahrain","Dry"
1046,24929,8,2020,"20.947244094488195","23.469291338582668","1.9480314960629919","Med_Speed","sainz",6,3,"mclaren","bahrain","Dry"
1045,24923,5,2020,"25.09907407407407","27.548148148148147","0.8430555555555557","Med_Speed","perez",4,9,"racing_point","bahrain","Dry"
1052,24976,14,2021,"20.53834586466165","27.627819548872182","0.8872180451127819","Med_Speed","raikkonen",8,8,"alfa","bahrain","Dry"
1045,24906,1,2020,"25.09907407407407","27.548148148148147","0.8430555555555557","Med_Speed","hamilton",1,1,"mercedes","bahrain","Dry"
990,23804,9,2018,"27.982524271844653","32.19805825242719","0.9582524271844662","Med_Speed","hamilton",2,3,"mercedes","bahrain","Dry"
1052,24973,8,2021,"20.53834586466165","27.627819548872182","0.8872180451127819","Med_Speed","sainz",3,6,"ferrari","bahrain","Dry"
990,23803,3,2018,"27.982524271844653","32.19805825242719","0.9582524271844662","Med_Speed","bottas",2,2,"mercedes","bahrain","Dry"
1052,24971,4,2021,"20.53834586466165","27.627819548872182","0.8872180451127819","Med_Speed","leclerc",3,5,"ferrari","bahrain","Dry"
990,23802,1,2018,"27.982524271844653","32.19805825242719","0.9582524271844662","Med_Speed","vettel",1,1,"ferrari","bahrain","Dry"
1046,24936,9,2020,"20.947244094488195","23.469291338582668","1.9480314960629919","Med_Speed","gasly",2,5,"alphatauri","bahrain","Dry"
1011,24232,14,2019,"26.210852713178294","28.610852713178296","2.7108527131782947","Med_Speed","perez",8,8,"racing_point","bahrain","Dry"
1052,24980,20,2021,"20.53834586466165","27.627819548872182","0.8872180451127819","Med_Speed","vettel",9,9,"aston_martin","bahrain","Dry"
990,23805,5,2018,"27.982524271844653","32.19805825242719","0.9582524271844662","Med_Speed","gasly",4,4,"toro_rosso","bahrain","Dry"
990,23815,20,2018,"27.982524271844653","32.19805825242719","0.9582524271844662","Med_Speed","stroll",8,7,"williams","bahrain","Dry"
1011,24224,4,2019,"26.210852713178294","28.610852713178296","2.7108527131782947","Med_Speed","bottas",3,2,"mercedes","bahrain","Dry"
1045,24907,3,2020,"25.09907407407407","27.548148148148147","0.8430555555555557","Med_Speed","max_verstappen",3,2,"red_bull","bahrain","Dry"
1045,24920,17,2020,"25.09907407407407","27.548148148148147","0.8430555555555557","Med_Speed","raikkonen",9,8,"alfa","bahrain","Dry"
1052,24970,0,2021,"20.53834586466165","27.627819548872182","0.8872180451127819","Med_Speed","perez",3,4,"red_bull","bahrain","Dry"
1011,24236,18,2019,"26.210852713178294","28.610852713178296","2.7108527131782947","Med_Speed","stroll",8,9,"racing_point","bahrain","Dry"
1045,24910,15,2020,"25.09907407407407","27.548148148148147","0.8430555555555557","Med_Speed","sainz",8,3,"mclaren","bahrain","Dry"
1011,24223,3,2019,"26.210852713178294","28.610852713178296","2.7108527131782947","Med_Speed","hamilton",3,1,"mercedes","bahrain","Dry"
1011,24229,8,2019,"26.210852713178294","28.610852713178296","2.7108527131782947","Med_Speed","raikkonen",7,6,"alfa","bahrain","Dry"
1046,24926,5,2020,"20.947244094488195","23.469291338582668","1.9480314960629919","Med_Speed","perez",2,1,"racing_point","bahrain","Dry"
1011,24230,13,2019,"26.210852713178294","28.610852713178296","2.7108527131782947","Med_Speed","gasly",5,7,"red_bull","bahrain","Dry"
1045,24918,11,2020,"25.09907407407407","27.548148148148147","0.8430555555555557","Med_Speed","vettel",6,7,"ferrari","bahrain","Dry"
1011,24227,2,2019,"26.210852713178294","28.610852713178296","2.7108527131782947","Med_Speed","vettel",1,5,"ferrari","bahrain","Dry"
1046,24939,18,2020,"20.947244094488195","23.469291338582668","1.9480314960629919","Med_Speed","raikkonen",7,7,"alfa","bahrain","Dry"
990,23813,19,2018,"27.982524271844653","32.19805825242719","0.9582524271844662","Med_Speed","leclerc",7,6,"sauber","bahrain","Dry"
990,23817,12,2018,"27.982524271844653","32.19805825242719","0.9582524271844662","Med_Speed","perez",6,8,"force_india","bahrain","Dry"
1036,24732,11,2020,"29.7968992248062","47.55581395348836","1.5449612403100776","Med_Speed","vettel",7,7,"ferrari","catalunya","Dry"
1055,25032,6,2021,"22.203076923076924","32.9223076923077","0.4576923076923077","Med_Speed","sainz",3,6,"ferrari","catalunya","Dry"
993,23865,3,2018,"16.050476190476193","32.33904761904761","1.9523809523809523","Med_Speed","vettel",3,4,"ferrari","catalunya","Wet"
993,23862,1,2018,"16.050476190476193","32.33904761904761","1.9523809523809523","Med_Speed","hamilton",1,1,"mercedes","catalunya","Wet"
1014,24296,14,2019,"20.147727272727273","40.72727272727273","1.9295454545454545","Med_Speed","raikkonen",8,8,"alfa","catalunya","Dry"
1036,24739,14,2020,"29.7968992248062","47.55581395348836","1.5449612403100776","Med_Speed","raikkonen",9,9,"alfa","catalunya","Dry"
993,23864,5,2018,"16.050476190476193","32.33904761904761","1.9523809523809523","Med_Speed","max_verstappen",4,3,"red_bull","catalunya","Wet"
1055,25038,13,2021,"22.203076923076924","32.9223076923077","0.4576923076923077","Med_Speed","vettel",7,10,"aston_martin","catalunya","Dry"
1055,25036,11,2021,"22.203076923076924","32.9223076923077","0.4576923076923077","Med_Speed","stroll",7,8,"aston_martin","catalunya","Dry"
1014,24288,6,2019,"20.147727272727273","40.72727272727273","1.9295454545454545","Med_Speed","gasly",5,6,"red_bull","catalunya","Dry"
993,23872,18,2018,"16.050476190476193","32.33904761904761","1.9523809523809523","Med_Speed","stroll",8,8,"williams","catalunya","Wet"
1055,25028,3,2021,"22.203076923076924","32.9223076923077","0.4576923076923077","Med_Speed","bottas",1,3,"mercedes","catalunya","Dry"
1055,25026,1,2021,"22.203076923076924","32.9223076923077","0.4576923076923077","Med_Speed","hamilton",1,1,"mercedes","catalunya","Dry"
1014,24283,2,2019,"20.147727272727273","40.72727272727273","1.9295454545454545","Med_Speed","hamilton",1,1,"mercedes","catalunya","Dry"
1055,25037,17,2021,"22.203076923076924","32.9223076923077","0.4576923076923077","Med_Speed","raikkonen",10,9,"alfa","catalunya","Dry"
1014,24287,5,2019,"20.147727272727273","40.72727272727273","1.9295454545454545","Med_Speed","leclerc",3,5,"ferrari","catalunya","Dry"
993,23868,9,2018,"16.050476190476193","32.33904761904761","1.9523809523809523","Med_Speed","sainz",5,5,"renault","catalunya","Wet"
1036,24728,2,2020,"29.7968992248062","47.55581395348836","1.5449612403100776","Med_Speed","bottas",1,3,"mercedes","catalunya","Dry"
1055,25030,8,2021,"22.203076923076924","32.9223076923077","0.4576923076923077","Med_Speed","perez",3,5,"red_bull","catalunya","Dry"
1014,24284,1,2019,"20.147727272727273","40.72727272727273","1.9295454545454545","Med_Speed","bottas",1,2,"mercedes","catalunya","Dry"
1014,24286,3,2019,"20.147727272727273","40.72727272727273","1.9295454545454545","Med_Speed","vettel",3,4,"ferrari","catalunya","Dry"
1014,24290,12,2019,"20.147727272727273","40.72727272727273","1.9295454545454545","Med_Speed","sainz",7,7,"mclaren","catalunya","Dry"
1036,24727,3,2020,"29.7968992248062","47.55581395348836","1.5449612403100776","Med_Speed","max_verstappen",3,2,"red_bull","catalunya","Dry"
993,23871,14,2018,"16.050476190476193","32.33904761904761","1.9523809523809523","Med_Speed","leclerc",7,7,"sauber","catalunya","Wet"
1055,25027,2,2021,"22.203076923076924","32.9223076923077","0.4576923076923077","Med_Speed","max_verstappen",3,2,"red_bull","catalunya","Dry"
1036,24734,10,2020,"29.7968992248062","47.55581395348836","1.5449612403100776","Med_Speed","gasly",8,8,"alphatauri","catalunya","Dry"
1014,24297,15,2019,"20.147727272727273","40.72727272727273","1.9295454545454545","Med_Speed","perez",8,9,"racing_point","catalunya","Dry"
1036,24730,4,2020,"29.7968992248062","47.55581395348836","1.5449612403100776","Med_Speed","perez",3,5,"racing_point","catalunya","Dry"
993,23870,15,2018,"16.050476190476193","32.33904761904761","1.9523809523809523","Med_Speed","perez",6,6,"force_india","catalunya","Wet"
1036,24731,7,2020,"29.7968992248062","47.55581395348836","1.5449612403100776","Med_Speed","sainz",6,6,"mclaren","catalunya","Dry"
1036,24729,5,2020,"29.7968992248062","47.55581395348836","1.5449612403100776","Med_Speed","stroll",3,4,"racing_point","catalunya","Dry"
1055,25035,12,2021,"22.203076923076924","32.9223076923077","0.4576923076923077","Med_Speed","gasly",9,7,"alphatauri","catalunya","Dry"
1014,24285,4,2019,"20.147727272727273","40.72727272727273","1.9295454545454545","Med_Speed","max_verstappen",5,3,"red_bull","catalunya","Dry"
1055,25029,4,2021,"22.203076923076924","32.9223076923077","0.4576923076923077","Med_Speed","leclerc",3,4,"ferrari","catalunya","Dry"
1036,24726,1,2020,"29.7968992248062","47.55581395348836","1.5449612403100776","Med_Speed","hamilton",1,1,"mercedes","catalunya","Dry"
993,23863,2,2018,"16.050476190476193","32.33904761904761","1.9523809523809523","Med_Speed","bottas",1,2,"mercedes","catalunya","Wet"
1044,24890,15,2020,"13.09568345323741","15.205755395683456","1.0661870503597122","Low_Speed","sainz",7,5,"mclaren","istanbul","Wet"
1067,25273,19,2021,"15.82547770700637","18.18089171974522","0.486624203821656","Low_Speed","sainz",6,7,"ferrari","istanbul","Dry"
1067,25266,1,2021,"15.82547770700637","18.18089171974522","0.486624203821656","Low_Speed","bottas",1,1,"mercedes","istanbul","Dry"
1067,25267,2,2021,"15.82547770700637","18.18089171974522","0.486624203821656","Low_Speed","max_verstappen",3,2,"red_bull","istanbul","Dry"
1067,25274,8,2021,"15.82547770700637","18.18089171974522","0.486624203821656","Low_Speed","stroll",8,8,"aston_martin","istanbul","Dry"
1044,24886,6,2020,"13.09568345323741","15.205755395683456","1.0661870503597122","Low_Speed","hamilton",4,1,"mercedes","istanbul","Wet"
1044,24887,3,2020,"13.09568345323741","15.205755395683456","1.0661870503597122","Low_Speed","perez",1,2,"racing_point","istanbul","Wet"
1044,24894,1,2020,"13.09568345323741","15.205755395683456","1.0661870503597122","Low_Speed","stroll",1,7,"racing_point","istanbul","Wet"
1067,25268,6,2021,"15.82547770700637","18.18089171974522","0.486624203821656","Low_Speed","perez",3,3,"red_bull","istanbul","Dry"
1044,24888,11,2020,"13.09568345323741","15.205755395683456","1.0661870503597122","Low_Speed","vettel",8,3,"ferrari","istanbul","Wet"
1067,25277,17,2021,"15.82547770700637","18.18089171974522","0.486624203821656","Low_Speed","raikkonen",10,9,"alfa","istanbul","Dry"
1044,24889,12,2020,"13.09568345323741","15.205755395683456","1.0661870503597122","Low_Speed","leclerc",8,4,"ferrari","istanbul","Wet"
1044,24900,8,2020,"13.09568345323741","15.205755395683456","1.0661870503597122","Low_Speed","raikkonen",6,10,"alfa","istanbul","Wet"
1044,24899,9,2020,"13.09568345323741","15.205755395683456","1.0661870503597122","Low_Speed","bottas",4,9,"mercedes","istanbul","Wet"
1067,25283,10,2021,"15.82547770700637","18.18089171974522","0.486624203821656","Low_Speed","vettel",8,10,"aston_martin","istanbul","Dry"
1067,25271,4,2021,"15.82547770700637","18.18089171974522","0.486624203821656","Low_Speed","gasly",5,6,"alphatauri","istanbul","Dry"
1044,24898,19,2020,"13.09568345323741","15.205755395683456","1.0661870503597122","Low_Speed","gasly",10,8,"alphatauri","istanbul","Wet"
1044,24891,2,2020,"13.09568345323741","15.205755395683456","1.0661870503597122","Low_Speed","max_verstappen",3,6,"red_bull","istanbul","Wet"
1067,25270,11,2021,"15.82547770700637","18.18089171974522","0.486624203821656","Low_Speed","hamilton",1,5,"mercedes","istanbul","Dry"
1067,25269,3,2021,"15.82547770700637","18.18089171974522","0.486624203821656","Low_Speed","leclerc",6,4,"ferrari","istanbul","Dry"
1015,24306,1,2019,"22.754676258992802","32.72949640287769","0.9035971223021583","Low_Speed","hamilton",1,1,"mercedes","monaco","Wet"
1056,25053,13,2021,"20.760740740740744","37.595555555555556","0.3162962962962963","Low_Speed","stroll",6,7,"aston_martin","monaco","Dry"
1015,24310,8,2019,"22.754676258992802","32.72949640287769","0.9035971223021583","Low_Speed","gasly",3,5,"red_bull","monaco","Wet"
1015,24307,4,2019,"22.754676258992802","32.72949640287769","0.9035971223021583","Low_Speed","vettel",5,2,"ferrari","monaco","Wet"
1015,24308,2,2019,"22.754676258992802","32.72949640287769","0.9035971223021583","Low_Speed","bottas",1,3,"mercedes","monaco","Wet"
994,23884,3,2018,"26.640707964601766","34.60973451327434","1.382300884955752","Low_Speed","hamilton",3,2,"mercedes","monaco","Wet"
994,23886,5,2018,"26.640707964601766","34.60973451327434","1.382300884955752","Low_Speed","bottas",3,4,"mercedes","monaco","Wet"
1015,24311,9,2019,"22.754676258992802","32.72949640287769","0.9035971223021583","Low_Speed","sainz",6,6,"mclaren","monaco","Wet"
994,23890,20,2018,"26.640707964601766","34.60973451327434","1.382300884955752","Low_Speed","max_verstappen",7,6,"red_bull","monaco","Wet"
994,23888,10,2018,"26.640707964601766","34.60973451327434","1.382300884955752","Low_Speed","gasly",8,5,"toro_rosso","monaco","Wet"
1056,25051,6,2021,"20.760740740740744","37.595555555555556","0.3162962962962963","Low_Speed","gasly",8,5,"alphatauri","monaco","Dry"
1056,25056,14,2021,"20.760740740740744","37.595555555555556","0.3162962962962963","Low_Speed","raikkonen",9,8,"alfa","monaco","Dry"
994,23891,8,2018,"26.640707964601766","34.60973451327434","1.382300884955752","Low_Speed","sainz",6,7,"renault","monaco","Wet"
1056,25049,9,2021,"20.760740740740744","37.595555555555556","0.3162962962962963","Low_Speed","perez",4,3,"red_bull","monaco","Dry"
994,23883,2,2018,"26.640707964601766","34.60973451327434","1.382300884955752","Low_Speed","vettel",1,1,"ferrari","monaco","Wet"
1015,24322,14,2019,"22.754676258992802","32.72949640287769","0.9035971223021583","Low_Speed","raikkonen",7,9,"alfa","monaco","Wet"
1056,25065,1,2021,"20.760740740740744","37.595555555555556","0.3162962962962963","Low_Speed","leclerc",1,9,"ferrari","monaco","Dry"
994,23898,17,2018,"26.640707964601766","34.60973451327434","1.382300884955752","Low_Speed","stroll",9,9,"williams","monaco","Wet"
1015,24309,3,2019,"22.754676258992802","32.72949640287769","0.9035971223021583","Low_Speed","max_verstappen",3,4,"red_bull","monaco","Wet"
1056,25052,7,2021,"20.760740740740744","37.595555555555556","0.3162962962962963","Low_Speed","hamilton",3,6,"mercedes","monaco","Dry"
1056,25047,4,2021,"20.760740740740744","37.595555555555556","0.3162962962962963","Low_Speed","sainz",1,2,"ferrari","monaco","Dry"
1015,24321,17,2019,"22.754676258992802","32.72949640287769","0.9035971223021583","Low_Speed","stroll",8,8,"racing_point","monaco","Wet"
994,23885,4,2018,"26.640707964601766","34.60973451327434","1.382300884955752","Low_Speed","raikkonen",1,3,"ferrari","monaco","Wet"
1015,24318,16,2019,"22.754676258992802","32.72949640287769","0.9035971223021583","Low_Speed","perez",8,7,"racing_point","monaco","Wet"
994,23893,9,2018,"26.640707964601766","34.60973451327434","1.382300884955752","Low_Speed","perez",5,8,"force_india","monaco","Wet"
1056,25050,8,2021,"20.760740740740744","37.595555555555556","0.3162962962962963","Low_Speed","vettel",6,4,"aston_martin","monaco","Dry"
1056,25046,2,2021,"20.760740740740744","37.595555555555556","0.3162962962962963","Low_Speed","max_verstappen",4,1,"red_bull","monaco","Dry"
1016,24336,11,2019,"29.368253968253967","51.098412698412695","1.3087301587301585","Med_Speed","sainz",7,8,"mclaren","villeneuve","Dry"
1016,24328,3,2019,"29.368253968253967","51.098412698412695","1.3087301587301585","Med_Speed","leclerc",1,3,"ferrari","villeneuve","Dry"
995,23911,13,2018,"20.52358490566038","36.94905660377359","2.471698113207547","Med_Speed","leclerc",9,7,"sauber","villeneuve","Dry"
1016,24326,2,2019,"29.368253968253967","51.098412698412695","1.3087301587301585","Med_Speed","hamilton",3,1,"mercedes","villeneuve","Dry"
1016,24334,17,2019,"29.368253968253967","51.098412698412695","1.3087301587301585","Med_Speed","stroll",9,7,"racing_point","villeneuve","Dry"
995,23902,1,2018,"20.52358490566038","36.94905660377359","2.471698113207547","Med_Speed","vettel",1,1,"ferrari","villeneuve","Dry"
1016,24340,16,2019,"29.368253968253967","51.098412698412695","1.3087301587301585","Med_Speed","raikkonen",8,10,"alfa","villeneuve","Dry"
1016,24329,6,2019,"29.368253968253967","51.098412698412695","1.3087301587301585","Med_Speed","bottas",3,4,"mercedes","villeneuve","Dry"
1016,24330,9,2019,"29.368253968253967","51.098412698412695","1.3087301587301585","Med_Speed","max_verstappen",5,5,"red_bull","villeneuve","Dry"
1016,24337,15,2019,"29.368253968253967","51.098412698412695","1.3087301587301585","Med_Speed","perez",9,9,"racing_point","villeneuve","Dry"
1016,24327,1,2019,"29.368253968253967","51.098412698412695","1.3087301587301585","Med_Speed","vettel",1,2,"ferrari","villeneuve","Dry"
1016,24333,5,2019,"29.368253968253967","51.098412698412695","1.3087301587301585","Med_Speed","gasly",5,6,"red_bull","villeneuve","Dry"
995,23909,9,2018,"20.52358490566038","36.94905660377359","2.471698113207547","Med_Speed","sainz",6,6,"renault","villeneuve","Dry"
995,23912,16,2018,"20.52358490566038","36.94905660377359","2.471698113207547","Med_Speed","gasly",8,8,"toro_rosso","villeneuve","Dry"
995,23904,3,2018,"20.52358490566038","36.94905660377359","2.471698113207547","Med_Speed","max_verstappen",5,3,"red_bull","villeneuve","Dry"
995,23915,10,2018,"20.52358490566038","36.94905660377359","2.471698113207547","Med_Speed","perez",7,9,"force_india","villeneuve","Dry"
995,23906,4,2018,"20.52358490566038","36.94905660377359","2.471698113207547","Med_Speed","hamilton",1,4,"mercedes","villeneuve","Dry"
995,23903,2,2018,"20.52358490566038","36.94905660377359","2.471698113207547","Med_Speed","bottas",1,2,"mercedes","villeneuve","Dry"
995,23907,5,2018,"20.52358490566038","36.94905660377359","2.471698113207547","Med_Speed","raikkonen",1,5,"ferrari","villeneuve","Dry"
1019,24402,15,2019,"18.905084745762718","30.32203389830509","2.011864406779661","High_Speed","perez",9,10,"racing_point","silverstone","Dry"
1061,25148,3,2021,"29.400000000000002","50.93152173913043","0.3179347826086957","High_Speed","bottas",1,3,"mercedes","silverstone","Dry"
1035,24718,12,2020,"25.287068965517243","43.227586206896554","2.236206896551724","High_Speed","sainz",7,8,"mclaren","silverstone","Dry"
1035,24706,4,2020,"25.287068965517243","43.227586206896554","2.236206896551724","High_Speed","max_verstappen",4,1,"red_bull","silverstone","Dry"
1061,25160,13,2021,"29.400000000000002","50.93152173913043","0.3179347826086957","High_Speed","raikkonen",8,7,"alfa","silverstone","Dry"
1019,24393,12,2019,"18.905084745762718","30.32203389830509","2.011864406779661","High_Speed","raikkonen",8,7,"alfa","silverstone","Dry"
998,23962,2,2018,"27.43163265306122","52.16938775510204","1.4612244897959183","High_Speed","vettel",1,1,"ferrari","silverstone","Dry"
1061,25153,14,2021,"29.400000000000002","50.93152173913043","0.3179347826086957","High_Speed","stroll",6,5,"aston_martin","silverstone","Dry"
1019,24388,3,2019,"18.905084745762718","30.32203389830509","2.011864406779661","High_Speed","leclerc",3,3,"ferrari","silverstone","Dry"
1034,24694,6,2020,"21.29140625","40.6328125","3.1140625","High_Speed","stroll",7,5,"racing_point","silverstone","Dry"
1034,24688,4,2020,"21.29140625","40.6328125","3.1140625","High_Speed","leclerc",4,3,"ferrari","silverstone","Dry"
1034,24698,7,2020,"21.29140625","40.6328125","3.1140625","High_Speed","sainz",3,8,"mclaren","silverstone","Dry"
1035,24711,6,2020,"25.287068965517243","43.227586206896554","2.236206896551724","High_Speed","stroll",3,5,"racing_point","silverstone","Dry"
1034,24687,3,2020,"21.29140625","40.6328125","3.1140625","High_Speed","max_verstappen",6,2,"red_bull","silverstone","Dry"
998,23974,14,2018,"27.43163265306122","52.16938775510204","1.4612244897959183","High_Speed","gasly",6,7,"toro_rosso","silverstone","Dry"
1035,24708,1,2020,"25.287068965517243","43.227586206896554","2.236206896551724","High_Speed","bottas",1,3,"mercedes","silverstone","Dry"
1061,25156,11,2021,"29.400000000000002","50.93152173913043","0.3179347826086957","High_Speed","gasly",7,6,"alphatauri","silverstone","Dry"
1019,24390,4,2019,"18.905084745762718","30.32203389830509","2.011864406779661","High_Speed","max_verstappen",3,5,"red_bull","silverstone","Dry"
1034,24686,1,2020,"21.29140625","40.6328125","3.1140625","High_Speed","hamilton",1,1,"mercedes","silverstone","Dry"
998,23963,1,2018,"27.43163265306122","52.16938775510204","1.4612244897959183","High_Speed","hamilton",1,2,"mercedes","silverstone","Dry"
1019,24391,13,2019,"18.905084745762718","30.32203389830509","2.011864406779661","High_Speed","sainz",7,6,"mclaren","silverstone","Dry"
1035,24716,7,2020,"25.287068965517243","43.227586206896554","2.236206896551724","High_Speed","gasly",7,6,"alphatauri","silverstone","Dry"
1019,24386,2,2019,"18.905084745762718","30.32203389830509","2.011864406779661","High_Speed","hamilton",1,1,"mercedes","silverstone","Dry"
1019,24389,5,2019,"18.905084745762718","30.32203389830509","2.011864406779661","High_Speed","gasly",3,4,"red_bull","silverstone","Dry"
1019,24398,18,2019,"18.905084745762718","30.32203389830509","2.011864406779661","High_Speed","stroll",9,8,"racing_point","silverstone","Dry"
1061,25146,2,2021,"29.400000000000002","50.93152173913043","0.3179347826086957","High_Speed","hamilton",1,1,"mercedes","silverstone","Dry"
1035,24707,2,2020,"25.287068965517243","43.227586206896554","2.236206896551724","High_Speed","hamilton",1,2,"mercedes","silverstone","Dry"
998,23971,12,2018,"27.43163265306122","52.16938775510204","1.4612244897959183","High_Speed","perez",5,5,"force_india","silverstone","Dry"
1019,24401,6,2019,"18.905084745762718","30.32203389830509","2.011864406779661","High_Speed","vettel",3,9,"ferrari","silverstone","Dry"
1019,24387,1,2019,"18.905084745762718","30.32203389830509","2.011864406779661","High_Speed","bottas",1,2,"mercedes","silverstone","Dry"
1035,24709,8,2020,"25.287068965517243","43.227586206896554","2.236206896551724","High_Speed","leclerc",5,4,"ferrari","silverstone","Dry"
1034,24696,2,2020,"21.29140625","40.6328125","3.1140625","High_Speed","bottas",1,7,"mercedes","silverstone","Dry"
998,23973,19,2018,"27.43163265306122","52.16938775510204","1.4612244897959183","High_Speed","stroll",7,6,"williams","silverstone","Dry"
1034,24702,16,2020,"21.29140625","40.6328125","3.1140625","High_Speed","raikkonen",9,9,"alfa","silverstone","Dry"
1061,25151,10,2021,"29.400000000000002","50.93152173913043","0.3179347826086957","High_Speed","sainz",4,4,"ferrari","silverstone","Dry"
1034,24695,10,2020,"21.29140625","40.6328125","3.1140625","High_Speed","vettel",4,6,"ferrari","silverstone","Dry"
1061,25147,4,2021,"29.400000000000002","50.93152173913043","0.3179347826086957","High_Speed","leclerc",4,2,"ferrari","silverstone","Dry"
998,23964,3,2018,"27.43163265306122","52.16938775510204","1.4612244897959183","High_Speed","raikkonen",1,3,"ferrari","silverstone","Dry"
998,23965,4,2018,"27.43163265306122","52.16938775510204","1.4612244897959183","High_Speed","bottas",1,4,"mercedes","silverstone","Dry"
1034,24692,11,2020,"21.29140625","40.6328125","3.1140625","High_Speed","gasly",8,4,"alphatauri","silverstone","Dry"
1035,24717,11,2020,"25.287068965517243","43.227586206896554","2.236206896551724","High_Speed","vettel",5,7,"ferrari","silverstone","Dry"
1061,25161,0,2021,"29.400000000000002","50.93152173913043","0.3179347826086957","High_Speed","perez",3,8,"red_bull","silverstone","Dry"
1035,24720,20,2020,"25.287068965517243","43.227586206896554","2.236206896551724","High_Speed","raikkonen",9,9,"alfa","silverstone","Dry"
1020,24417,5,2019,"21.503401360544217","26.441496598639453","1.006122448979592","Med_Speed","raikkonen",4,6,"alfa","hockenheimring","Wet"
999,23984,2,2018,"26.40192307692308","40.66826923076923","2.0086538461538463","Med_Speed","bottas",3,2,"mercedes","hockenheimring","Wet"
999,23997,9,2018,"26.40192307692308","40.66826923076923","2.0086538461538463","Med_Speed","leclerc",6,8,"sauber","hockenheimring","Wet"
1020,24409,15,2019,"21.503401360544217","26.441496598639453","1.006122448979592","Med_Speed","stroll",5,3,"racing_point","hockenheimring","Wet"
1020,24414,1,2019,"21.503401360544217","26.441496598639453","1.006122448979592","Med_Speed","hamilton",1,5,"mercedes","hockenheimring","Wet"
1020,24406,2,2019,"21.503401360544217","26.441496598639453","1.006122448979592","Med_Speed","max_verstappen",2,1,"red_bull","hockenheimring","Wet"
999,23989,10,2018,"26.40192307692308","40.66826923076923","2.0086538461538463","Med_Speed","perez",7,5,"force_india","hockenheimring","Wet"
1020,24407,20,2019,"21.503401360544217","26.441496598639453","1.006122448979592","Med_Speed","vettel",7,2,"ferrari","hockenheimring","Wet"
1020,24410,7,2019,"21.503401360544217","26.441496598639453","1.006122448979592","Med_Speed","sainz",5,4,"mclaren","hockenheimring","Wet"
999,23985,3,2018,"26.40192307692308","40.66826923076923","2.0086538461538463","Med_Speed","raikkonen",1,3,"ferrari","hockenheimring","Wet"
1020,24419,4,2019,"21.503401360544217","26.441496598639453","1.006122448979592","Med_Speed","gasly",2,7,"red_bull","hockenheimring","Wet"
999,23986,4,2018,"26.40192307692308","40.66826923076923","2.0086538461538463","Med_Speed","max_verstappen",5,4,"red_bull","hockenheimring","Wet"
999,23983,14,2018,"26.40192307692308","40.66826923076923","2.0086538461538463","Med_Speed","hamilton",3,1,"mercedes","hockenheimring","Wet"
999,23994,8,2018,"26.40192307692308","40.66826923076923","2.0086538461538463","Med_Speed","sainz",2,6,"renault","hockenheimring","Wet"
999,23996,16,2018,"26.40192307692308","40.66826923076923","2.0086538461538463","Med_Speed","gasly",8,7,"toro_rosso","hockenheimring","Wet"
1062,25168,15,2021,"27.226701570680625","37.822513089005234","0.5675392670157068","Med_Speed","sainz",4,2,"ferrari","hungaroring","Wet"
1033,24676,6,2020,"20.74179104477612","27.129850746268662","1.5597014925373132","Med_Speed","leclerc",5,8,"ferrari","hungaroring","Wet"
1000,24008,6,2018,"33.75887850467289","51.08971962616822","1.1429906542056074","Med_Speed","gasly",5,5,"toro_rosso","hungaroring","Dry"
1000,24007,2,2018,"33.75887850467289","51.08971962616822","1.1429906542056074","Med_Speed","bottas",1,4,"mercedes","hungaroring","Dry"
1000,24016,19,2018,"33.75887850467289","51.08971962616822","1.1429906542056074","Med_Speed","perez",8,7,"force_india","hungaroring","Dry"
1021,24433,2,2019,"25.66","44.096923076923076","1.1938461538461538","Med_Speed","bottas",1,8,"mercedes","hungaroring","Dry"
1021,24442,18,2019,"25.66","44.096923076923076","1.1938461538461538","Med_Speed","stroll",9,10,"racing_point","hungaroring","Dry"
1000,24011,5,2018,"33.75887850467289","51.08971962616822","1.1429906542056074","Med_Speed","sainz",6,6,"renault","hungaroring","Dry"
1021,24430,8,2019,"25.66","44.096923076923076","1.1938461538461538","Med_Speed","sainz",7,5,"mclaren","hungaroring","Dry"
1021,24436,16,2019,"25.66","44.096923076923076","1.1938461538461538","Med_Speed","perez",9,9,"racing_point","hungaroring","Dry"
1033,24668,2,2020,"20.74179104477612","27.129850746268662","1.5597014925373132","Med_Speed","bottas",1,3,"mercedes","hungaroring","Wet"
1021,24427,1,2019,"25.66","44.096923076923076","1.1938461538461538","Med_Speed","max_verstappen",3,2,"red_bull","hungaroring","Dry"
1021,24431,6,2019,"25.66","44.096923076923076","1.1938461538461538","Med_Speed","gasly",3,6,"red_bull","hungaroring","Dry"
1033,24671,5,2020,"20.74179104477612","27.129850746268662","1.5597014925373132","Med_Speed","vettel",5,5,"ferrari","hungaroring","Wet"
1000,24019,15,2018,"33.75887850467289","51.08971962616822","1.1429906542056074","Med_Speed","stroll",7,8,"williams","hungaroring","Dry"
1021,24426,3,2019,"25.66","44.096923076923076","1.1938461538461538","Med_Speed","hamilton",1,1,"mercedes","hungaroring","Dry"
1021,24429,4,2019,"25.66","44.096923076923076","1.1938461538461538","Med_Speed","leclerc",5,4,"ferrari","hungaroring","Dry"
1033,24667,7,2020,"20.74179104477612","27.129850746268662","1.5597014925373132","Med_Speed","max_verstappen",8,2,"red_bull","hungaroring","Wet"
1000,24005,3,2018,"33.75887850467289","51.08971962616822","1.1429906542056074","Med_Speed","raikkonen",3,3,"ferrari","hungaroring","Dry"
1033,24669,3,2020,"20.74179104477612","27.129850746268662","1.5597014925373132","Med_Speed","stroll",3,4,"racing_point","hungaroring","Wet"
1062,25174,3,2021,"27.226701570680625","37.822513089005234","0.5675392670157068","Med_Speed","max_verstappen",2,4,"red_bull","hungaroring","Wet"
1000,24003,1,2018,"33.75887850467289","51.08971962616822","1.1429906542056074","Med_Speed","hamilton",1,1,"mercedes","hungaroring","Dry"
1062,25167,1,2021,"27.226701570680625","37.822513089005234","0.5675392670157068","Med_Speed","hamilton",1,1,"mercedes","hungaroring","Wet"
1062,25175,13,2021,"27.226701570680625","37.822513089005234","0.5675392670157068","Med_Speed","raikkonen",6,5,"alfa","hungaroring","Wet"
1062,25185,10,2021,"27.226701570680625","37.822513089005234","0.5675392670157068","Med_Speed","vettel",4,6,"aston_martin","hungaroring","Wet"
1033,24666,1,2020,"20.74179104477612","27.129850746268662","1.5597014925373132","Med_Speed","hamilton",1,1,"mercedes","hungaroring","Wet"
1033,24672,4,2020,"20.74179104477612","27.129850746268662","1.5597014925373132","Med_Speed","perez",3,6,"racing_point","hungaroring","Wet"
1033,24680,20,2020,"20.74179104477612","27.129850746268662","1.5597014925373132","Med_Speed","raikkonen",9,9,"alfa","hungaroring","Wet"
1021,24428,5,2019,"25.66","44.096923076923076","1.1938461538461538","Med_Speed","vettel",5,3,"ferrari","hungaroring","Dry"
1000,24004,4,2018,"33.75887850467289","51.08971962616822","1.1429906542056074","Med_Speed","vettel",3,2,"ferrari","hungaroring","Dry"
1062,25170,5,2021,"27.226701570680625","37.822513089005234","0.5675392670157068","Med_Speed","gasly",3,3,"alphatauri","hungaroring","Wet"
1033,24674,9,2020,"20.74179104477612","27.129850746268662","1.5597014925373132","Med_Speed","sainz",7,7,"mclaren","hungaroring","Wet"
1021,24432,10,2019,"25.66","44.096923076923076","1.1938461538461538","Med_Speed","raikkonen",8,7,"alfa","hungaroring","Dry"
1001,24025,7,2018,"17.327358490566038","27.89811320754717","2.039622641509434","Med_Speed","max_verstappen",5,3,"red_bull","spa","Dry"
1063,25188,3,2021,"13.012413793103448","15.258620689655173","0.5113793103448276","Med_Speed","hamilton",3,2,"mercedes","spa","Wet"
1063,25190,5,2021,"13.012413793103448","15.258620689655173","0.5113793103448276","Med_Speed","vettel",5,3,"aston_martin","spa","Wet"
1001,24024,1,2018,"17.327358490566038","27.89811320754717","2.039622641509434","Med_Speed","hamilton",3,2,"mercedes","spa","Dry"
1037,24746,1,2020,"18.568595041322315","29.823966942148758","1.465289256198347","Med_Speed","hamilton",1,1,"mercedes","spa","Dry"
1063,25203,0,2021,"13.012413793103448","15.258620689655173","0.5113793103448276","Med_Speed","raikkonen",10,8,"alfa","spa","Wet"
1037,24754,9,2020,"18.568595041322315","29.823966942148758","1.465289256198347","Med_Speed","stroll",4,5,"racing_point","spa","Dry"
1022,24461,6,2019,"17.4","28.119166666666665","2.0358333333333336","Med_Speed","raikkonen",7,8,"alfa","spa","Dry"
1063,25195,11,2021,"13.012413793103448","15.258620689655173","0.5113793103448276","Med_Speed","sainz",8,6,"ferrari","spa","Wet"
1001,24027,4,2018,"17.327358490566038","27.89811320754717","2.039622641509434","Med_Speed","perez",1,5,"force_india","spa","Dry"
1022,24449,2,2019,"17.4","28.119166666666665","2.0358333333333336","Med_Speed","vettel",1,4,"ferrari","spa","Dry"
1001,24035,17,2018,"17.327358490566038","27.89811320754717","2.039622641509434","Med_Speed","stroll",8,8,"williams","spa","Dry"
1001,24031,10,2018,"17.327358490566038","27.89811320754717","2.039622641509434","Med_Speed","gasly",6,6,"toro_rosso","spa","Dry"
1001,24026,19,2018,"17.327358490566038","27.89811320754717","2.039622641509434","Med_Speed","bottas",3,4,"mercedes","spa","Dry"
1037,24748,3,2020,"18.568595041322315","29.823966942148758","1.465289256198347","Med_Speed","max_verstappen",3,3,"red_bull","spa","Dry"
1037,24759,13,2020,"18.568595041322315","29.823966942148758","1.465289256198347","Med_Speed","leclerc",8,9,"ferrari","spa","Dry"
1063,25193,9,2021,"13.012413793103448","15.258620689655173","0.5113793103448276","Med_Speed","leclerc",8,5,"ferrari","spa","Wet"
1063,25205,19,2021,"13.012413793103448","15.258620689655173","0.5113793103448276","Med_Speed","stroll",5,10,"aston_martin","spa","Wet"
1063,25204,0,2021,"13.012413793103448","15.258620689655173","0.5113793103448276","Med_Speed","perez",1,9,"red_bull","spa","Wet"
1022,24451,7,2019,"17.4","28.119166666666665","2.0358333333333336","Med_Speed","perez",5,5,"racing_point","spa","Dry"
1037,24765,7,2020,"18.568595041322315","29.823966942148758","1.465289256198347","Med_Speed","sainz",4,10,"mclaren","spa","Dry"
1037,24757,16,2020,"18.568595041322315","29.823966942148758","1.465289256198347","Med_Speed","raikkonen",10,7,"alfa","spa","Dry"
1022,24447,3,2019,"17.4","28.119166666666665","2.0358333333333336","Med_Speed","hamilton",3,2,"mercedes","spa","Dry"
1001,24033,14,2018,"17.327358490566038","27.89811320754717","2.039622641509434","Med_Speed","sainz",7,7,"renault","spa","Dry"
1001,24023,2,2018,"17.327358490566038","27.89811320754717","2.039622641509434","Med_Speed","vettel",2,1,"ferrari","spa","Dry"
1037,24755,8,2020,"18.568595041322315","29.823966942148758","1.465289256198347","Med_Speed","perez",4,6,"racing_point","spa","Dry"
1063,25191,6,2021,"13.012413793103448","15.258620689655173","0.5113793103448276","Med_Speed","gasly",7,4,"alphatauri","spa","Wet"
1022,24454,13,2019,"17.4","28.119166666666665","2.0358333333333336","Med_Speed","gasly",8,6,"toro_rosso","spa","Dry"
1037,24753,12,2020,"18.568595041322315","29.823966942148758","1.465289256198347","Med_Speed","gasly",7,4,"alphatauri","spa","Dry"
1063,25186,1,2021,"13.012413793103448","15.258620689655173","0.5113793103448276","Med_Speed","max_verstappen",1,1,"red_bull","spa","Wet"
1037,24747,2,2020,"18.568595041322315","29.823966942148758","1.465289256198347","Med_Speed","bottas",1,2,"mercedes","spa","Dry"
1037,24758,14,2020,"18.568595041322315","29.823966942148758","1.465289256198347","Med_Speed","vettel",8,8,"ferrari","spa","Dry"
1063,25197,13,2021,"13.012413793103448","15.258620689655173","0.5113793103448276","Med_Speed","bottas",3,7,"mercedes","spa","Wet"
1022,24455,16,2019,"17.4","28.119166666666665","2.0358333333333336","Med_Speed","stroll",5,7,"racing_point","spa","Dry"
1022,24448,4,2019,"17.4","28.119166666666665","2.0358333333333336","Med_Speed","bottas",3,3,"mercedes","spa","Dry"
1022,24446,1,2019,"17.4","28.119166666666665","2.0358333333333336","Med_Speed","leclerc",1,1,"ferrari","spa","Dry"
1002,24053,15,2018,"22.189898989898992","30.822222222222223","2.1242424242424245","High_Speed","leclerc",10,9,"sauber","monza","Wet"
1002,24047,5,2018,"22.189898989898992","30.822222222222223","2.1242424242424245","High_Speed","max_verstappen",5,5,"red_bull","monza","Wet"
1002,24049,14,2018,"22.189898989898992","30.822222222222223","2.1242424242424245","High_Speed","perez",8,6,"force_india","monza","Wet"
1038,24770,2,2020,"28.090909090909093","41.201398601398594","1.520979020979021","High_Speed","bottas",1,4,"mercedes","monza","Dry"
1038,24766,10,2020,"28.090909090909093","41.201398601398594","1.520979020979021","High_Speed","gasly",6,1,"alphatauri","monza","Dry"
1065,25237,11,2021,"28.885234899328864","43.52751677852349","0.3429530201342281","High_Speed","vettel",5,6,"aston_martin","monza","Dry"
1002,24051,10,2018,"22.189898989898992","30.822222222222223","2.1242424242424245","High_Speed","stroll",7,8,"williams","monza","Wet"
1002,24046,2,2018,"22.189898989898992","30.822222222222223","2.1242424242424245","High_Speed","vettel",1,4,"ferrari","monza","Wet"
1023,24476,17,2019,"21.0972972972973","33.04054054054055","1.5666666666666667","High_Speed","gasly",8,6,"toro_rosso","monza","Dry"
1065,25231,6,2021,"28.885234899328864","43.52751677852349","0.3429530201342281","High_Speed","sainz",3,4,"ferrari","monza","Dry"
1023,24473,19,2019,"21.0972972972973","33.04054054054055","1.5666666666666667","High_Speed","max_verstappen",8,5,"red_bull","monza","Dry"
1002,24044,1,2018,"22.189898989898992","30.822222222222223","2.1242424242424245","High_Speed","raikkonen",1,2,"ferrari","monza","Wet"
1023,24468,2,2019,"21.0972972972973","33.04054054054055","1.5666666666666667","High_Speed","hamilton",1,3,"mercedes","monza","Dry"
1002,24045,4,2018,"22.189898989898992","30.822222222222223","2.1242424242424245","High_Speed","bottas",3,3,"mercedes","monza","Wet"
1023,24477,9,2019,"21.0972972972973","33.04054054054055","1.5666666666666667","High_Speed","stroll",6,7,"racing_point","monza","Dry"
1065,25230,8,2021,"28.885234899328864","43.52751677852349","0.3429530201342281","High_Speed","perez",2,3,"red_bull","monza","Dry"
1065,25228,19,2021,"28.885234899328864","43.52751677852349","0.3429530201342281","High_Speed","bottas",1,1,"mercedes","monza","Dry"
1038,24768,8,2020,"28.090909090909093","41.201398601398594","1.520979020979021","High_Speed","stroll",4,3,"racing_point","monza","Dry"
1065,25232,9,2021,"28.885234899328864","43.52751677852349","0.3429530201342281","High_Speed","stroll",5,5,"aston_martin","monza","Dry"
1002,24056,9,2018,"22.189898989898992","30.822222222222223","2.1242424242424245","High_Speed","gasly",9,10,"toro_rosso","monza","Wet"
1023,24466,1,2019,"21.0972972972973","33.04054054054055","1.5666666666666667","High_Speed","leclerc",1,1,"ferrari","monza","Dry"
1038,24775,4,2020,"28.090909090909093","41.201398601398594","1.520979020979021","High_Speed","perez",4,6,"racing_point","monza","Dry"
1023,24480,0,2019,"21.0972972972973","33.04054054054055","1.5666666666666667","High_Speed","raikkonen",5,9,"alfa","monza","Dry"
1002,24050,7,2018,"22.189898989898992","30.822222222222223","2.1242424242424245","High_Speed","sainz",6,7,"renault","monza","Wet"
1002,24043,3,2018,"22.189898989898992","30.822222222222223","2.1242424242424245","High_Speed","hamilton",3,1,"mercedes","monza","Wet"
1023,24472,18,2019,"21.0972972972973","33.04054054054055","1.5666666666666667","High_Speed","perez",6,4,"racing_point","monza","Dry"
1038,24772,1,2020,"28.090909090909093","41.201398601398594","1.520979020979021","High_Speed","hamilton",1,5,"mercedes","monza","Dry"
1038,24778,14,2020,"28.090909090909093","41.201398601398594","1.520979020979021","High_Speed","raikkonen",7,7,"alfa","monza","Dry"
1038,24767,3,2020,"28.090909090909093","41.201398601398594","1.520979020979021","High_Speed","sainz",3,2,"mclaren","monza","Dry"
1023,24478,4,2019,"21.0972972972973","33.04054054054055","1.5666666666666667","High_Speed","vettel",1,8,"ferrari","monza","Dry"
1065,25229,5,2021,"28.885234899328864","43.52751677852349","0.3429530201342281","High_Speed","leclerc",3,2,"ferrari","monza","Dry"
1023,24467,3,2019,"21.0972972972973","33.04054054054055","1.5666666666666667","High_Speed","bottas",1,2,"mercedes","monza","Dry"
1024,24489,2,2019,"29.965161290322584","35.752903225806456","1.8574193548387095","Low_Speed","hamilton",3,4,"mercedes","marina_bay","Dry"
1003,24070,12,2018,"29.86541353383459","33.12406015037594","1.978947368421053","Low_Speed","sainz",7,6,"renault","marina_bay","Dry"
1024,24497,7,2019,"29.965161290322584","35.752903225806456","1.8574193548387095","Low_Speed","sainz",6,7,"mclaren","marina_bay","Dry"
1003,24075,15,2018,"29.86541353383459","33.12406015037594","1.978947368421053","Low_Speed","gasly",9,8,"toro_rosso","marina_bay","Dry"
1003,24066,4,2018,"29.86541353383459","33.12406015037594","1.978947368421053","Low_Speed","bottas",1,4,"mercedes","marina_bay","Dry"
1024,24486,3,2019,"29.965161290322584","35.752903225806456","1.8574193548387095","Low_Speed","vettel",1,1,"ferrari","marina_bay","Dry"
1003,24063,1,2018,"29.86541353383459","33.12406015037594","1.978947368421053","Low_Speed","hamilton",1,1,"mercedes","marina_bay","Dry"
1024,24493,11,2019,"29.965161290322584","35.752903225806456","1.8574193548387095","Low_Speed","gasly",8,6,"toro_rosso","marina_bay","Dry"
1003,24064,2,2018,"29.86541353383459","33.12406015037594","1.978947368421053","Low_Speed","max_verstappen",3,2,"red_bull","marina_bay","Dry"
1003,24071,13,2018,"29.86541353383459","33.12406015037594","1.978947368421053","Low_Speed","leclerc",8,7,"sauber","marina_bay","Dry"
1024,24490,5,2019,"29.965161290322584","35.752903225806456","1.8574193548387095","Low_Speed","bottas",3,5,"mercedes","marina_bay","Dry"
1024,24488,4,2019,"29.965161290322584","35.752903225806456","1.8574193548387095","Low_Speed","max_verstappen",5,3,"red_bull","marina_bay","Dry"
1024,24498,16,2019,"29.965161290322584","35.752903225806456","1.8574193548387095","Low_Speed","stroll",7,8,"racing_point","marina_bay","Dry"
1003,24076,20,2018,"29.86541353383459","33.12406015037594","1.978947368421053","Low_Speed","stroll",10,9,"williams","marina_bay","Dry"
1003,24078,7,2018,"29.86541353383459","33.12406015037594","1.978947368421053","Low_Speed","perez",6,10,"force_india","marina_bay","Dry"
1003,24065,3,2018,"29.86541353383459","33.12406015037594","1.978947368421053","Low_Speed","vettel",3,3,"ferrari","marina_bay","Dry"
1003,24067,5,2018,"29.86541353383459","33.12406015037594","1.978947368421053","Low_Speed","raikkonen",3,5,"ferrari","marina_bay","Dry"
1024,24487,1,2019,"29.965161290322584","35.752903225806456","1.8574193548387095","Low_Speed","leclerc",1,2,"ferrari","marina_bay","Dry"
991,23830,9,2018,"19.446428571428573","37.01964285714286","1.8375000000000001","Med_Speed","sainz",6,6,"renault","shanghai","Wet"
1012,24254,16,2019,"19.32992125984252","27.33700787401575","3.3157480314960632","Med_Speed","stroll",8,9,"racing_point","shanghai","Dry"
991,23826,5,2018,"19.446428571428573","37.01964285714286","1.8375000000000001","Med_Speed","max_verstappen",5,4,"red_bull","shanghai","Wet"
1012,24248,6,2019,"19.32992125984252","27.33700787401575","3.3157480314960632","Med_Speed","gasly",5,6,"red_bull","shanghai","Dry"
991,23840,19,2018,"19.446428571428573","37.01964285714286","1.8375000000000001","Med_Speed","leclerc",10,10,"sauber","shanghai","Wet"
1012,24256,14,2019,"19.32992125984252","27.33700787401575","3.3157480314960632","Med_Speed","sainz",10,10,"mclaren","shanghai","Dry"
1012,24244,1,2019,"19.32992125984252","27.33700787401575","3.3157480314960632","Med_Speed","bottas",1,2,"mercedes","shanghai","Dry"
1012,24250,12,2019,"19.32992125984252","27.33700787401575","3.3157480314960632","Med_Speed","perez",8,7,"racing_point","shanghai","Dry"
1012,24251,13,2019,"19.32992125984252","27.33700787401575","3.3157480314960632","Med_Speed","raikkonen",7,8,"alfa","shanghai","Dry"
991,23823,3,2018,"19.446428571428573","37.01964285714286","1.8375000000000001","Med_Speed","bottas",3,1,"mercedes","shanghai","Wet"
991,23825,4,2018,"19.446428571428573","37.01964285714286","1.8375000000000001","Med_Speed","hamilton",3,3,"mercedes","shanghai","Wet"
991,23829,1,2018,"19.446428571428573","37.01964285714286","1.8375000000000001","Med_Speed","vettel",1,5,"ferrari","shanghai","Wet"
1012,24245,3,2019,"19.32992125984252","27.33700787401575","3.3157480314960632","Med_Speed","vettel",3,3,"ferrari","shanghai","Dry"
991,23839,17,2018,"19.446428571428573","37.01964285714286","1.8375000000000001","Med_Speed","gasly",8,9,"toro_rosso","shanghai","Wet"
991,23833,8,2018,"19.446428571428573","37.01964285714286","1.8375000000000001","Med_Speed","perez",7,7,"force_india","shanghai","Wet"
1012,24247,4,2019,"19.32992125984252","27.33700787401575","3.3157480314960632","Med_Speed","leclerc",3,5,"ferrari","shanghai","Dry"
991,23824,2,2018,"19.446428571428573","37.01964285714286","1.8375000000000001","Med_Speed","raikkonen",1,2,"ferrari","shanghai","Wet"
991,23835,18,2018,"19.446428571428573","37.01964285714286","1.8375000000000001","Med_Speed","stroll",9,8,"williams","shanghai","Wet"
1012,24246,5,2019,"19.32992125984252","27.33700787401575","3.3157480314960632","Med_Speed","max_verstappen",5,4,"red_bull","shanghai","Dry"
1012,24243,2,2019,"19.32992125984252","27.33700787401575","3.3157480314960632","Med_Speed","hamilton",1,1,"mercedes","shanghai","Dry"
1008,24167,3,2018,"23.7696","40.0688","2.1872000000000003","Med_Speed","bottas",1,4,"mercedes","interlagos","Dry"
1029,24604,17,2019,"21.016793893129773","46.45343511450381","1.2877862595419847","Med_Speed","stroll",8,9,"racing_point","interlagos","Dry"
1071,25327,2,2021,"23.1373417721519","51.56139240506329","0.3917721518987342","Med_Speed","max_verstappen",3,2,"red_bull","interlagos","Dry"
1008,24163,1,2018,"23.7696","40.0688","2.1872000000000003","Med_Speed","hamilton",1,1,"mercedes","interlagos","Dry"
1029,24603,14,2019,"21.016793893129773","46.45343511450381","1.2877862595419847","Med_Speed","leclerc",1,8,"ferrari","interlagos","Dry"
1008,24168,2,2018,"23.7696","40.0688","2.1872000000000003","Med_Speed","vettel",3,5,"ferrari","interlagos","Dry"
1008,24172,12,2018,"23.7696","40.0688","2.1872000000000003","Med_Speed","perez",7,7,"force_india","interlagos","Dry"
1008,24174,15,2018,"23.7696","40.0688","2.1872000000000003","Med_Speed","sainz",9,8,"renault","interlagos","Dry"
1071,25336,9,2021,"23.1373417721519","51.56139240506329","0.3917721518987342","Med_Speed","vettel",8,8,"aston_martin","interlagos","Dry"
1071,25331,3,2021,"23.1373417721519","51.56139240506329","0.3917721518987342","Med_Speed","sainz",5,6,"ferrari","interlagos","Dry"
1071,25326,10,2021,"23.1373417721519","51.56139240506329","0.3917721518987342","Med_Speed","hamilton",1,1,"mercedes","interlagos","Dry"
1008,24175,9,2018,"23.7696","40.0688","2.1872000000000003","Med_Speed","gasly",8,9,"toro_rosso","interlagos","Dry"
1008,24164,5,2018,"23.7696","40.0688","2.1872000000000003","Med_Speed","max_verstappen",5,2,"red_bull","interlagos","Dry"
1029,24589,8,2019,"21.016793893129773","46.45343511450381","1.2877862595419847","Med_Speed","raikkonen",5,4,"alfa","interlagos","Dry"
1029,24594,15,2019,"21.016793893129773","46.45343511450381","1.2877862595419847","Med_Speed","perez",8,6,"racing_point","interlagos","Dry"
1071,25329,4,2021,"23.1373417721519","51.56139240506329","0.3917721518987342","Med_Speed","perez",3,4,"red_bull","interlagos","Dry"
1029,24586,1,2019,"21.016793893129773","46.45343511450381","1.2877862595419847","Med_Speed","max_verstappen",3,1,"red_bull","interlagos","Dry"
1008,24169,7,2018,"23.7696","40.0688","2.1872000000000003","Med_Speed","leclerc",6,6,"sauber","interlagos","Dry"
1071,25332,7,2021,"23.1373417721519","51.56139240506329","0.3917721518987342","Med_Speed","gasly",7,7,"alphatauri","interlagos","Dry"
1029,24592,3,2019,"21.016793893129773","46.45343511450381","1.2877862595419847","Med_Speed","hamilton",4,5,"mercedes","interlagos","Dry"
1008,24165,4,2018,"23.7696","40.0688","2.1872000000000003","Med_Speed","raikkonen",3,3,"ferrari","interlagos","Dry"
1071,25337,0,2021,"23.1373417721519","51.56139240506329","0.3917721518987342","Med_Speed","raikkonen",9,9,"alfa","interlagos","Dry"
1008,24180,19,2018,"23.7696","40.0688","2.1872000000000003","Med_Speed","stroll",10,10,"williams","interlagos","Dry"
1071,25330,6,2021,"23.1373417721519","51.56139240506329","0.3917721518987342","Med_Speed","leclerc",5,5,"ferrari","interlagos","Dry"
1029,24588,20,2019,"21.016793893129773","46.45343511450381","1.2877862595419847","Med_Speed","sainz",7,3,"mclaren","interlagos","Dry"
1029,24587,6,2019,"21.016793893129773","46.45343511450381","1.2877862595419847","Med_Speed","gasly",6,2,"toro_rosso","interlagos","Dry"
1029,24602,2,2019,"21.016793893129773","46.45343511450381","1.2877862595419847","Med_Speed","vettel",1,7,"ferrari","interlagos","Dry"
1071,25328,1,2021,"23.1373417721519","51.56139240506329","0.3917721518987342","Med_Speed","bottas",1,3,"mercedes","interlagos","Dry"
1041,24837,19,2020,"9.499999999999998","16.360204081632652","1.6173469387755104","Med_Speed","raikkonen",8,8,"alfa","nurburgring","Wet"
1041,24831,12,2020,"9.499999999999998","16.360204081632652","1.6173469387755104","Med_Speed","gasly",6,5,"alphatauri","nurburgring","Wet"
1041,24836,11,2020,"9.499999999999998","16.360204081632652","1.6173469387755104","Med_Speed","vettel",3,7,"ferrari","nurburgring","Wet"
1041,24829,9,2020,"9.499999999999998","16.360204081632652","1.6173469387755104","Med_Speed","perez",7,3,"racing_point","nurburgring","Wet"
1041,24830,10,2020,"9.499999999999998","16.360204081632652","1.6173469387755104","Med_Speed","sainz",5,4,"mclaren","nurburgring","Wet"
1041,24832,4,2020,"9.499999999999998","16.360204081632652","1.6173469387755104","Med_Speed","leclerc",3,6,"ferrari","nurburgring","Wet"
1041,24827,3,2020,"9.499999999999998","16.360204081632652","1.6173469387755104","Med_Speed","max_verstappen",2,2,"red_bull","nurburgring","Wet"
1041,24826,2,2020,"9.499999999999998","16.360204081632652","1.6173469387755104","Med_Speed","hamilton",1,1,"mercedes","nurburgring","Wet"
1043,24878,15,2020,"18.0304","23.2608","1.3416","Med_Speed","stroll",6,8,"racing_point","imola","Dry"
1053,24993,10,2021,"10.621118012422361","16.827329192546582","0.4788819875776397","Med_Speed","stroll",6,6,"aston_martin","imola","Wet"
1053,24987,1,2021,"10.621118012422361","16.827329192546582","0.4788819875776397","Med_Speed","hamilton",3,2,"mercedes","imola","Wet"
1053,24998,16,2021,"10.621118012422361","16.827329192546582","0.4788819875776397","Med_Speed","raikkonen",9,8,"alfa","imola","Wet"
1043,24877,14,2020,"18.0304","23.2608","1.3416","Med_Speed","vettel",4,7,"ferrari","imola","Dry"
1053,24989,4,2021,"10.621118012422361","16.827329192546582","0.4788819875776397","Med_Speed","leclerc",4,3,"ferrari","imola","Wet"
1053,24986,3,2021,"10.621118012422361","16.827329192546582","0.4788819875776397","Med_Speed","max_verstappen",1,1,"red_bull","imola","Wet"
1053,24992,5,2021,"10.621118012422361","16.827329192546582","0.4788819875776397","Med_Speed","gasly",8,5,"alphatauri","imola","Wet"
1043,24870,7,2020,"18.0304","23.2608","1.3416","Med_Speed","leclerc",4,3,"ferrari","imola","Dry"
1043,24867,1,2020,"18.0304","23.2608","1.3416","Med_Speed","bottas",1,2,"mercedes","imola","Dry"
1053,25000,0,2021,"10.621118012422361","16.827329192546582","0.4788819875776397","Med_Speed","vettel",6,9,"aston_martin","imola","Wet"
1043,24871,11,2020,"18.0304","23.2608","1.3416","Med_Speed","perez",6,4,"racing_point","imola","Dry"
1053,24990,11,2021,"10.621118012422361","16.827329192546582","0.4788819875776397","Med_Speed","sainz",4,4,"ferrari","imola","Wet"
1043,24866,2,2020,"18.0304","23.2608","1.3416","Med_Speed","hamilton",1,1,"mercedes","imola","Dry"
1043,24874,18,2020,"18.0304","23.2608","1.3416","Med_Speed","raikkonen",8,6,"alfa","imola","Dry"
1043,24872,10,2020,"18.0304","23.2608","1.3416","Med_Speed","sainz",3,5,"mclaren","imola","Dry"
1053,24996,2,2021,"10.621118012422361","16.827329192546582","0.4788819875776397","Med_Speed","perez",1,7,"red_bull","imola","Wet"
1005,24113,7,2018,"28.26481481481482","37.17037037037037","1.7916666666666667","High_Speed","gasly",3,8,"toro_rosso","suzuka","Dry"
1026,24533,17,2019,"21.619354838709675","32.18387096774193","5.468548387096775","High_Speed","perez",8,7,"racing_point","suzuka","Dry"
1026,24537,13,2019,"21.619354838709675","32.18387096774193","5.468548387096775","High_Speed","raikkonen",7,9,"alfa","suzuka","Dry"
1005,24112,13,2018,"28.26481481481482","37.17037037037037","1.7916666666666667","High_Speed","sainz",8,7,"renault","suzuka","Dry"
1026,24531,2,2019,"21.619354838709675","32.18387096774193","5.468548387096775","High_Speed","leclerc",1,5,"ferrari","suzuka","Dry"
1005,24108,8,2018,"28.26481481481482","37.17037037037037","1.7916666666666667","High_Speed","vettel",3,5,"ferrari","suzuka","Dry"
1026,24530,7,2019,"21.619354838709675","32.18387096774193","5.468548387096775","High_Speed","sainz",5,4,"mclaren","suzuka","Dry"
1026,24528,4,2019,"21.619354838709675","32.18387096774193","5.468548387096775","High_Speed","hamilton",3,3,"mercedes","suzuka","Dry"
1005,24119,14,2018,"28.26481481481482","37.17037037037037","1.7916666666666667","High_Speed","stroll",9,9,"williams","suzuka","Dry"
1005,24105,3,2018,"28.26481481481482","37.17037037037037","1.7916666666666667","High_Speed","max_verstappen",6,3,"red_bull","suzuka","Dry"
1005,24104,2,2018,"28.26481481481482","37.17037037037037","1.7916666666666667","High_Speed","bottas",1,2,"mercedes","suzuka","Dry"
1026,24534,12,2019,"21.619354838709675","32.18387096774193","5.468548387096775","High_Speed","stroll",8,8,"racing_point","suzuka","Dry"
1026,24527,1,2019,"21.619354838709675","32.18387096774193","5.468548387096775","High_Speed","vettel",1,2,"ferrari","suzuka","Dry"
1026,24526,3,2019,"21.619354838709675","32.18387096774193","5.468548387096775","High_Speed","bottas",3,1,"mercedes","suzuka","Dry"
1005,24103,1,2018,"28.26481481481482","37.17037037037037","1.7916666666666667","High_Speed","hamilton",1,1,"mercedes","suzuka","Dry"
1026,24532,9,2019,"21.619354838709675","32.18387096774193","5.468548387096775","High_Speed","gasly",6,6,"toro_rosso","suzuka","Dry"
1005,24109,9,2018,"28.26481481481482","37.17037037037037","1.7916666666666667","High_Speed","perez",6,6,"force_india","suzuka","Dry"
1005,24107,4,2018,"28.26481481481482","37.17037037037037","1.7916666666666667","High_Speed","raikkonen",3,4,"ferrari","suzuka","Dry"
1047,24957,15,2020,"23.121481481481478","27.98","2.504444444444444","Med_Speed","raikkonen",9,7,"alfa","yas_marina","Dry"
1030,24607,2,2019,"26.018045112781955","29.566165413533835","1.2646616541353384","Med_Speed","max_verstappen",3,2,"red_bull","yas_marina","Dry"
1073,25388,5,2021,"24.519108280254777","28.465605095541402","0.4146496815286624","Med_Speed","sainz",5,3,"ferrari","yas_marina","Dry"
1047,24951,6,2020,"23.121481481481478","27.98","2.504444444444444","Med_Speed","sainz",4,4,"mclaren","yas_marina","Dry"
1030,24618,17,2019,"26.018045112781955","29.566165413533835","1.2646616541353384","Med_Speed","raikkonen",9,8,"alfa","yas_marina","Dry"
1047,24953,9,2020,"23.121481481481478","27.98","2.504444444444444","Med_Speed","gasly",5,5,"alphatauri","yas_marina","Dry"
1009,24187,2,2018,"31.273722627737225","33.31824817518248","2.1635036496350364","Med_Speed","bottas",1,4,"mercedes","yas_marina","Wet"
1073,25386,1,2021,"24.519108280254777","28.465605095541402","0.4146496815286624","Med_Speed","max_verstappen",1,1,"red_bull","yas_marina","Dry"
1073,25391,6,2021,"24.519108280254777","28.465605095541402","0.4146496815286624","Med_Speed","bottas",3,5,"mercedes","yas_marina","Dry"
1009,24188,11,2018,"31.273722627737225","33.31824817518248","2.1635036496350364","Med_Speed","sainz",6,5,"renault","yas_marina","Wet"
1073,25400,4,2021,"24.519108280254777","28.465605095541402","0.4146496815286624","Med_Speed","perez",1,9,"red_bull","yas_marina","Dry"
1030,24608,3,2019,"26.018045112781955","29.566165413533835","1.2646616541353384","Med_Speed","leclerc",3,3,"ferrari","yas_marina","Dry"
1009,24184,3,2018,"31.273722627737225","33.31824817518248","2.1635036496350364","Med_Speed","vettel",3,2,"ferrari","yas_marina","Wet"
1073,25398,13,2021,"24.519108280254777","28.465605095541402","0.4146496815286624","Med_Speed","stroll",8,8,"aston_martin","yas_marina","Dry"
1009,24185,6,2018,"31.273722627737225","33.31824817518248","2.1635036496350364","Med_Speed","max_verstappen",4,3,"red_bull","yas_marina","Wet"
1030,24609,20,2019,"26.018045112781955","29.566165413533835","1.2646616541353384","Med_Speed","bottas",1,4,"mercedes","yas_marina","Dry"
1009,24195,20,2018,"31.273722627737225","33.31824817518248","2.1635036496350364","Med_Speed","stroll",8,8,"williams","yas_marina","Wet"
1073,25395,7,2021,"24.519108280254777","28.465605095541402","0.4146496815286624","Med_Speed","leclerc",5,6,"ferrari","yas_marina","Dry"
1073,25387,2,2021,"24.519108280254777","28.465605095541402","0.4146496815286624","Med_Speed","hamilton",3,2,"mercedes","yas_marina","Dry"
1073,25390,12,2021,"24.519108280254777","28.465605095541402","0.4146496815286624","Med_Speed","gasly",7,4,"alphatauri","yas_marina","Dry"
1047,24946,1,2020,"23.121481481481478","27.98","2.504444444444444","Med_Speed","max_verstappen",3,1,"red_bull","yas_marina","Dry"
1047,24955,8,2020,"23.121481481481478","27.98","2.504444444444444","Med_Speed","stroll",8,6,"racing_point","yas_marina","Dry"
1030,24623,11,2019,"26.018045112781955","29.566165413533835","1.2646616541353384","Med_Speed","gasly",8,9,"toro_rosso","yas_marina","Dry"
1030,24606,1,2019,"26.018045112781955","29.566165413533835","1.2646616541353384","Med_Speed","hamilton",1,1,"mercedes","yas_marina","Dry"
1030,24612,10,2019,"26.018045112781955","29.566165413533835","1.2646616541353384","Med_Speed","perez",7,6,"racing_point","yas_marina","Dry"
1047,24948,3,2020,"23.121481481481478","27.98","2.504444444444444","Med_Speed","hamilton",1,3,"mercedes","yas_marina","Dry"
1047,24947,2,2020,"23.121481481481478","27.98","2.504444444444444","Med_Speed","bottas",1,2,"mercedes","yas_marina","Dry"
1030,24615,8,2019,"26.018045112781955","29.566165413533835","1.2646616541353384","Med_Speed","sainz",6,7,"mclaren","yas_marina","Dry"
1047,24959,13,2020,"23.121481481481478","27.98","2.504444444444444","Med_Speed","vettel",6,9,"ferrari","yas_marina","Dry"
1009,24190,14,2018,"31.273722627737225","33.31824817518248","2.1635036496350364","Med_Speed","perez",7,7,"force_india","yas_marina","Wet"
1030,24610,4,2019,"26.018045112781955","29.566165413533835","1.2646616541353384","Med_Speed","vettel",3,5,"ferrari","yas_marina","Dry"
1009,24183,1,2018,"31.273722627737225","33.31824817518248","2.1635036496350364","Med_Speed","hamilton",1,1,"mercedes","yas_marina","Wet"
1047,24958,12,2020,"23.121481481481478","27.98","2.504444444444444","Med_Speed","leclerc",6,8,"ferrari","yas_marina","Dry"
1009,24189,8,2018,"31.273722627737225","33.31824817518248","2.1635036496350364","Med_Speed","leclerc",5,6,"sauber","yas_marina","Wet"
1073,25396,15,2021,"24.519108280254777","28.465605095541402","0.4146496815286624","Med_Speed","vettel",8,7,"aston_martin","yas_marina","Dry"
1007,24145,6,2018,"20.1231884057971","34.47028985507246","1.5594202898550724","Low_Speed","raikkonen",4,3,"ferrari","rodriguez","Dry"
1070,25319,20,2021,"21.206707317073167","47.579268292682926","0.3664634146341464","Low_Speed","stroll",9,9,"aston_martin","rodriguez","Dry"
1070,25308,4,2021,"21.206707317073167","47.579268292682926","0.3664634146341464","Low_Speed","perez",3,3,"red_bull","rodriguez","Dry"
1027,24551,4,2019,"23.203030303030303","41.633333333333326","1.3265151515151512","Low_Speed","max_verstappen",3,5,"red_bull","rodriguez","Dry"
1070,25307,2,2021,"21.206707317073167","47.579268292682926","0.3664634146341464","Low_Speed","hamilton",1,2,"mercedes","rodriguez","Dry"
1070,25312,9,2021,"21.206707317073167","47.579268292682926","0.3664634146341464","Low_Speed","vettel",9,7,"aston_martin","rodriguez","Dry"
1027,24549,1,2019,"23.203030303030303","41.633333333333326","1.3265151515151512","Low_Speed","leclerc",1,4,"ferrari","rodriguez","Dry"
1027,24558,7,2019,"23.203030303030303","41.633333333333326","1.3265151515151512","Low_Speed","sainz",6,9,"mclaren","rodriguez","Dry"
1007,24146,3,2018,"20.1231884057971","34.47028985507246","1.5594202898550724","Low_Speed","hamilton",2,4,"mercedes","rodriguez","Dry"
1007,24154,17,2018,"20.1231884057971","34.47028985507246","1.5594202898550724","Low_Speed","stroll",8,8,"williams","rodriguez","Dry"
1070,25320,1,2021,"21.206707317073167","47.579268292682926","0.3664634146341464","Low_Speed","bottas",1,10,"mercedes","rodriguez","Dry"
1007,24147,5,2018,"20.1231884057971","34.47028985507246","1.5594202898550724","Low_Speed","bottas",2,5,"mercedes","rodriguez","Dry"
1007,24152,20,2018,"20.1231884057971","34.47028985507246","1.5594202898550724","Low_Speed","gasly",7,7,"toro_rosso","rodriguez","Dry"
1070,25309,5,2021,"21.206707317073167","47.579268292682926","0.3664634146341464","Low_Speed","gasly",5,4,"alphatauri","rodriguez","Dry"
1027,24554,10,2019,"23.203030303030303","41.633333333333326","1.3265151515151512","Low_Speed","gasly",7,7,"toro_rosso","rodriguez","Dry"
1007,24143,2,2018,"20.1231884057971","34.47028985507246","1.5594202898550724","Low_Speed","max_verstappen",1,1,"red_bull","rodriguez","Dry"
1027,24557,16,2019,"23.203030303030303","41.633333333333326","1.3265151515151512","Low_Speed","stroll",8,8,"racing_point","rodriguez","Dry"
1027,24547,2,2019,"23.203030303030303","41.633333333333326","1.3265151515151512","Low_Speed","vettel",1,2,"ferrari","rodriguez","Dry"
1027,24552,11,2019,"23.203030303030303","41.633333333333326","1.3265151515151512","Low_Speed","perez",8,6,"racing_point","rodriguez","Dry"
1007,24144,4,2018,"20.1231884057971","34.47028985507246","1.5594202898550724","Low_Speed","vettel",4,2,"ferrari","rodriguez","Dry"
1027,24548,6,2019,"23.203030303030303","41.633333333333326","1.3265151515151512","Low_Speed","bottas",4,3,"mercedes","rodriguez","Dry"
1070,25310,8,2021,"21.206707317073167","47.579268292682926","0.3664634146341464","Low_Speed","leclerc",5,5,"ferrari","rodriguez","Dry"
1027,24546,3,2019,"23.203030303030303","41.633333333333326","1.3265151515151512","Low_Speed","hamilton",4,1,"mercedes","rodriguez","Dry"
1070,25311,6,2021,"21.206707317073167","47.579268292682926","0.3664634146341464","Low_Speed","sainz",5,6,"ferrari","rodriguez","Dry"
1070,25306,3,2021,"21.206707317073167","47.579268292682926","0.3664634146341464","Low_Speed","max_verstappen",3,1,"red_bull","rodriguez","Dry"
1007,24149,9,2018,"20.1231884057971","34.47028985507246","1.5594202898550724","Low_Speed","leclerc",6,6,"sauber","rodriguez","Dry"
1070,25313,10,2021,"21.206707317073167","47.579268292682926","0.3664634146341464","Low_Speed","raikkonen",8,8,"alfa","rodriguez","Dry"
996,23931,8,2018,"24.546078431372553","42.03333333333334","1.8156862745098041","Med_Speed","leclerc",7,7,"sauber","ricard","Wet"
1017,24347,2,2019,"26.89421487603306","54.525619834710746","1.6785123966942148","Med_Speed","bottas",1,2,"mercedes","ricard","Dry"
1017,24358,17,2019,"26.89421487603306","54.525619834710746","1.6785123966942148","Med_Speed","stroll",9,10,"racing_point","ricard","Dry"
1017,24346,1,2019,"26.89421487603306","54.525619834710746","1.6785123966942148","Med_Speed","hamilton",1,1,"mercedes","ricard","Dry"
996,23929,7,2018,"24.546078431372553","42.03333333333334","1.8156862745098041","Med_Speed","sainz",6,6,"renault","ricard","Wet"
1017,24349,4,2019,"26.89421487603306","54.525619834710746","1.6785123966942148","Med_Speed","max_verstappen",6,4,"red_bull","ricard","Dry"
1059,25095,19,2021,"25.314399999999996","35.22879999999999","1.1656","Med_Speed","stroll",9,7,"aston_martin","ricard","Dry"
1059,25096,5,2021,"25.314399999999996","35.22879999999999","1.1656","Med_Speed","sainz",5,8,"ferrari","ricard","Dry"
1017,24348,3,2019,"26.89421487603306","54.525619834710746","1.6785123966942148","Med_Speed","leclerc",3,3,"ferrari","ricard","Dry"
1059,25102,17,2021,"25.314399999999996","35.22879999999999","1.1656","Med_Speed","raikkonen",8,10,"alfa","ricard","Dry"
996,23938,19,2018,"24.546078431372553","42.03333333333334","1.8156862745098041","Med_Speed","stroll",8,8,"williams","ricard","Wet"
1059,25094,12,2021,"25.314399999999996","35.22879999999999","1.1656","Med_Speed","vettel",9,6,"aston_martin","ricard","Dry"
1059,25092,6,2021,"25.314399999999996","35.22879999999999","1.1656","Med_Speed","gasly",7,5,"alphatauri","ricard","Dry"
1059,25086,1,2021,"25.314399999999996","35.22879999999999","1.1656","Med_Speed","max_verstappen",1,1,"red_bull","ricard","Dry"
1059,25089,3,2021,"25.314399999999996","35.22879999999999","1.1656","Med_Speed","bottas",1,4,"mercedes","ricard","Dry"
1059,25088,4,2021,"25.314399999999996","35.22879999999999","1.1656","Med_Speed","perez",1,3,"red_bull","ricard","Dry"
996,23926,3,2018,"24.546078431372553","42.03333333333334","1.8156862745098041","Med_Speed","vettel",3,4,"ferrari","ricard","Wet"
1017,24352,12,2019,"26.89421487603306","54.525619834710746","1.6785123966942148","Med_Speed","raikkonen",8,7,"alfa","ricard","Dry"
996,23923,4,2018,"24.546078431372553","42.03333333333334","1.8156862745098041","Med_Speed","max_verstappen",3,2,"red_bull","ricard","Wet"
996,23922,1,2018,"24.546078431372553","42.03333333333334","1.8156862745098041","Med_Speed","hamilton",1,1,"mercedes","ricard","Wet"
1017,24350,7,2019,"26.89421487603306","54.525619834710746","1.6785123966942148","Med_Speed","vettel",3,5,"ferrari","ricard","Dry"
1017,24357,14,2019,"26.89421487603306","54.525619834710746","1.6785123966942148","Med_Speed","perez",9,9,"racing_point","ricard","Dry"
996,23924,6,2018,"24.546078431372553","42.03333333333334","1.8156862745098041","Med_Speed","raikkonen",3,3,"ferrari","ricard","Wet"
1017,24355,9,2019,"26.89421487603306","54.525619834710746","1.6785123966942148","Med_Speed","gasly",6,8,"red_bull","ricard","Dry"
1017,24351,6,2019,"26.89421487603306","54.525619834710746","1.6785123966942148","Med_Speed","sainz",5,6,"mclaren","ricard","Dry"
996,23928,2,2018,"24.546078431372553","42.03333333333334","1.8156862745098041","Med_Speed","bottas",1,5,"mercedes","ricard","Wet"
1059,25101,7,2021,"25.314399999999996","35.22879999999999","1.1656","Med_Speed","leclerc",5,9,"ferrari","ricard","Dry"
1059,25087,2,2021,"25.314399999999996","35.22879999999999","1.1656","Med_Speed","hamilton",1,2,"mercedes","ricard","Dry"
1064,25217,12,2021,"21.504430379746836","36.10569620253165","0.4424050632911392","Med_Speed","stroll",8,8,"aston_martin","zandvoort","Dry"
1064,25208,3,2021,"21.504430379746836","36.10569620253165","0.4424050632911392","Med_Speed","bottas",1,3,"mercedes","zandvoort","Dry"
1064,25210,5,2021,"21.504430379746836","36.10569620253165","0.4424050632911392","Med_Speed","leclerc",3,5,"ferrari","zandvoort","Dry"
1064,25207,2,2021,"21.504430379746836","36.10569620253165","0.4424050632911392","Med_Speed","hamilton",1,2,"mercedes","zandvoort","Dry"
1064,25209,4,2021,"21.504430379746836","36.10569620253165","0.4424050632911392","Med_Speed","gasly",7,4,"alphatauri","zandvoort","Dry"
1064,25213,0,2021,"21.504430379746836","36.10569620253165","0.4424050632911392","Med_Speed","perez",5,7,"red_bull","zandvoort","Dry"
1064,25218,15,2021,"21.504430379746836","36.10569620253165","0.4424050632911392","Med_Speed","vettel",8,9,"aston_martin","zandvoort","Dry"
1064,25212,6,2021,"21.504430379746836","36.10569620253165","0.4424050632911392","Med_Speed","sainz",3,6,"ferrari","zandvoort","Dry"
1064,25206,1,2021,"21.504430379746836","36.10569620253165","0.4424050632911392","Med_Speed","max_verstappen",5,1,"red_bull","zandvoort","Dry"
1028,24581,10,2019,"21.475572519083972","29.081679389312974","2.553435114503817","Med_Speed","gasly",6,9,"toro_rosso","americas","Dry"
1069,25289,4,2021,"28.148447204968942","37.47080745341616","0.8540372670807453","Med_Speed","leclerc",5,4,"ferrari","americas","Dry"
1069,25292,5,2021,"28.148447204968942","37.47080745341616","0.8540372670807453","Med_Speed","sainz",5,6,"ferrari","americas","Dry"
1028,24575,0,2019,"21.475572519083972","29.081679389312974","2.553435114503817","Med_Speed","perez",7,6,"racing_point","americas","Dry"
1028,24573,7,2019,"21.475572519083972","29.081679389312974","2.553435114503817","Med_Speed","sainz",5,5,"mclaren","americas","Dry"
1069,25286,1,2021,"28.148447204968942","37.47080745341616","0.8540372670807453","Med_Speed","max_verstappen",1,1,"red_bull","americas","Dry"
1028,24576,17,2019,"21.475572519083972","29.081679389312974","2.553435114503817","Med_Speed","raikkonen",7,7,"alfa","americas","Dry"
1006,24134,19,2018,"21.93358778625954","30.486259541984733","2.0908396946564882","Med_Speed","gasly",8,8,"toro_rosso","americas","Dry"
1069,25287,2,2021,"28.148447204968942","37.47080745341616","0.8540372670807453","Med_Speed","hamilton",3,2,"mercedes","americas","Dry"
1006,24127,3,2018,"21.93358778625954","30.486259541984733","2.0908396946564882","Med_Speed","bottas",1,5,"mercedes","americas","Dry"
1028,24568,3,2019,"21.475572519083972","29.081679389312974","2.553435114503817","Med_Speed","max_verstappen",4,3,"red_bull","americas","Dry"
1069,25298,15,2021,"28.148447204968942","37.47080745341616","0.8540372670807453","Med_Speed","raikkonen",9,9,"alfa","americas","Dry"
1028,24569,4,2019,"21.475572519083972","29.081679389312974","2.553435114503817","Med_Speed","leclerc",1,4,"ferrari","americas","Dry"
1028,24566,1,2019,"21.475572519083972","29.081679389312974","2.553435114503817","Med_Speed","bottas",1,1,"mercedes","americas","Dry"
1006,24124,18,2018,"21.93358778625954","30.486259541984733","2.0908396946564882","Med_Speed","max_verstappen",7,2,"red_bull","americas","Dry"
1006,24129,11,2018,"21.93358778625954","30.486259541984733","2.0908396946564882","Med_Speed","sainz",6,6,"renault","americas","Dry"
1069,25291,9,2021,"28.148447204968942","37.47080745341616","0.8540372670807453","Med_Speed","bottas",3,5,"mercedes","americas","Dry"
1006,24136,15,2018,"21.93358778625954","30.486259541984733","2.0908396946564882","Med_Speed","stroll",9,9,"williams","americas","Dry"
1006,24125,1,2018,"21.93358778625954","30.486259541984733","2.0908396946564882","Med_Speed","hamilton",1,3,"mercedes","americas","Dry"
1006,24126,5,2018,"21.93358778625954","30.486259541984733","2.0908396946564882","Med_Speed","vettel",1,4,"ferrari","americas","Dry"
1006,24123,2,2018,"21.93358778625954","30.486259541984733","2.0908396946564882","Med_Speed","raikkonen",1,1,"ferrari","americas","Dry"
1069,25295,18,2021,"28.148447204968942","37.47080745341616","0.8540372670807453","Med_Speed","vettel",7,7,"aston_martin","americas","Dry"
1028,24567,5,2019,"21.475572519083972","29.081679389312974","2.553435114503817","Med_Speed","hamilton",1,2,"mercedes","americas","Dry"
1069,25288,3,2021,"28.148447204968942","37.47080745341616","0.8540372670807453","Med_Speed","perez",1,3,"red_bull","americas","Dry"
1028,24578,14,2019,"21.475572519083972","29.081679389312974","2.553435114503817","Med_Speed","stroll",7,8,"racing_point","americas","Dry"
1006,24130,10,2018,"21.93358778625954","30.486259541984733","2.0908396946564882","Med_Speed","perez",5,7,"force_india","americas","Dry"
1069,25297,13,2021,"28.148447204968942","37.47080745341616","0.8540372670807453","Med_Speed","stroll",7,8,"aston_martin","americas","Dry"
1058,25117,14,2021,"26.692372881355933","52.35254237288136","0.36779661016949144","Med_Speed","vettel",7,9,"aston_martin","red_bull_ring","Dry"
1060,25133,12,2021,"20.96602564102564","33.18397435897436","0.34807692307692306","Med_Speed","leclerc",8,6,"ferrari","red_bull_ring","Wet"
1031,24630,8,2020,"28.684166666666666","52.025","1.8875","Med_Speed","sainz",3,4,"mclaren","red_bull_ring","Dry"
1018,24379,14,2019,"34.44406779661016","50.74406779661018","1.225423728813559","Med_Speed","stroll",9,10,"racing_point","red_bull_ring","Dry"
997,23944,6,2018,"23.176086956521743","45.87934782608695","2.4847826086956526","Med_Speed","vettel",1,3,"ferrari","red_bull_ring","Dry"
997,23952,12,2018,"23.176086956521743","45.87934782608695","2.4847826086956526","Med_Speed","gasly",6,6,"toro_rosso","red_bull_ring","Dry"
1031,24629,5,2020,"28.684166666666666","52.025","1.8875","Med_Speed","hamilton",1,3,"mercedes","red_bull_ring","Dry"
1018,24376,13,2019,"34.44406779661016","50.74406779661018","1.225423728813559","Med_Speed","perez",9,9,"racing_point","red_bull_ring","Dry"
1060,25140,16,2021,"20.96602564102564","33.18397435897436","0.34807692307692306","Med_Speed","raikkonen",10,9,"alfa","red_bull_ring","Wet"
1032,24656,16,2020,"20.822499999999998","39.919999999999995","2.228333333333333","Med_Speed","raikkonen",8,7,"alfa","red_bull_ring","Wet"
1058,25108,5,2021,"26.692372881355933","52.35254237288136","0.36779661016949144","Med_Speed","bottas",1,3,"mercedes","red_bull_ring","Dry"
1058,25116,18,2021,"26.692372881355933","52.35254237288136","0.36779661016949144","Med_Speed","raikkonen",9,8,"alfa","red_bull_ring","Dry"
1060,25130,10,2021,"20.96602564102564","33.18397435897436","0.34807692307692306","Med_Speed","sainz",8,4,"ferrari","red_bull_ring","Wet"
1031,24632,12,2020,"28.684166666666666","52.025","1.8875","Med_Speed","gasly",7,6,"alphatauri","red_bull_ring","Dry"
1018,24372,8,2019,"34.44406779661016","50.74406779661018","1.225423728813559","Med_Speed","gasly",5,6,"red_bull","red_bull_ring","Dry"
1018,24366,2,2019,"34.44406779661016","50.74406779661018","1.225423728813559","Med_Speed","max_verstappen",5,1,"red_bull","red_bull_ring","Dry"
1018,24373,19,2019,"34.44406779661016","50.74406779661018","1.225423728813559","Med_Speed","sainz",8,7,"mclaren","red_bull_ring","Dry"
997,23950,18,2018,"23.176086956521743","45.87934782608695","2.4847826086956526","Med_Speed","leclerc",7,5,"sauber","red_bull_ring","Dry"
1058,25106,1,2021,"26.692372881355933","52.35254237288136","0.36779661016949144","Med_Speed","max_verstappen",3,1,"red_bull","red_bull_ring","Dry"
997,23943,3,2018,"23.176086956521743","45.87934782608695","2.4847826086956526","Med_Speed","raikkonen",1,2,"ferrari","red_bull_ring","Dry"
1060,25129,4,2021,"20.96602564102564","33.18397435897436","0.34807692307692306","Med_Speed","hamilton",3,3,"mercedes","red_bull_ring","Wet"
1018,24369,9,2019,"34.44406779661016","50.74406779661018","1.225423728813559","Med_Speed","vettel",3,4,"ferrari","red_bull_ring","Dry"
1060,25127,5,2021,"20.96602564102564","33.18397435897436","0.34807692307692306","Med_Speed","bottas",3,2,"mercedes","red_bull_ring","Wet"
1060,25126,1,2021,"20.96602564102564","33.18397435897436","0.34807692307692306","Med_Speed","max_verstappen",1,1,"red_bull","red_bull_ring","Wet"
1058,25112,7,2021,"26.692372881355933","52.35254237288136","0.36779661016949144","Med_Speed","leclerc",5,6,"ferrari","red_bull_ring","Dry"
1032,24646,1,2020,"20.822499999999998","39.919999999999995","2.228333333333333","Med_Speed","hamilton",1,1,"mercedes","red_bull_ring","Wet"
1060,25134,6,2021,"20.96602564102564","33.18397435897436","0.34807692307692306","Med_Speed","gasly",5,7,"alphatauri","red_bull_ring","Wet"
1032,24652,12,2020,"20.822499999999998","39.919999999999995","2.228333333333333","Med_Speed","stroll",6,5,"racing_point","red_bull_ring","Wet"
1032,24660,7,2020,"20.822499999999998","39.919999999999995","2.228333333333333","Med_Speed","gasly",5,8,"alphatauri","red_bull_ring","Wet"
1031,24631,6,2020,"28.684166666666666","52.025","1.8875","Med_Speed","perez",4,5,"racing_point","red_bull_ring","Dry"
997,23948,16,2018,"23.176086956521743","45.87934782608695","2.4847826086956526","Med_Speed","perez",5,4,"force_india","red_bull_ring","Dry"
1058,25107,2,2021,"26.692372881355933","52.35254237288136","0.36779661016949144","Med_Speed","hamilton",1,2,"mercedes","red_bull_ring","Dry"
1060,25131,3,2021,"20.96602564102564","33.18397435897436","0.34807692307692306","Med_Speed","perez",1,5,"red_bull","red_bull_ring","Wet"
1058,25113,9,2021,"26.692372881355933","52.35254237288136","0.36779661016949144","Med_Speed","stroll",7,7,"aston_martin","red_bull_ring","Dry"
1060,25142,11,2021,"20.96602564102564","33.18397435897436","0.34807692307692306","Med_Speed","vettel",6,10,"aston_martin","red_bull_ring","Wet"
1032,24654,3,2020,"20.822499999999998","39.919999999999995","2.228333333333333","Med_Speed","sainz",3,6,"mclaren","red_bull_ring","Wet"
997,23942,4,2018,"23.176086956521743","45.87934782608695","2.4847826086956526","Med_Speed","max_verstappen",3,1,"red_bull","red_bull_ring","Dry"
1018,24370,4,2019,"34.44406779661016","50.74406779661018","1.225423728813559","Med_Speed","hamilton",1,5,"mercedes","red_bull_ring","Dry"
1058,25109,4,2021,"26.692372881355933","52.35254237288136","0.36779661016949144","Med_Speed","perez",3,4,"red_bull","red_bull_ring","Dry"
1031,24626,1,2020,"28.684166666666666","52.025","1.8875","Med_Speed","bottas",1,1,"mercedes","red_bull_ring","Dry"
997,23953,9,2018,"23.176086956521743","45.87934782608695","2.4847826086956526","Med_Speed","sainz",4,7,"renault","red_bull_ring","Dry"
1058,25111,12,2021,"26.692372881355933","52.35254237288136","0.36779661016949144","Med_Speed","sainz",5,5,"ferrari","red_bull_ring","Dry"
1032,24648,2,2020,"20.822499999999998","39.919999999999995","2.228333333333333","Med_Speed","max_verstappen",3,3,"red_bull","red_bull_ring","Wet"
997,23955,14,2018,"23.176086956521743","45.87934782608695","2.4847826086956526","Med_Speed","stroll",7,8,"williams","red_bull_ring","Dry"
1032,24647,4,2020,"20.822499999999998","39.919999999999995","2.228333333333333","Med_Speed","bottas",1,2,"mercedes","red_bull_ring","Wet"
1031,24627,7,2020,"28.684166666666666","52.025","1.8875","Med_Speed","leclerc",5,2,"ferrari","red_bull_ring","Dry"
1018,24367,1,2019,"34.44406779661016","50.74406779661018","1.225423728813559","Med_Speed","leclerc",3,2,"ferrari","red_bull_ring","Dry"
1032,24651,17,2020,"20.822499999999998","39.919999999999995","2.228333333333333","Med_Speed","perez",6,4,"racing_point","red_bull_ring","Wet"
1018,24374,6,2019,"34.44406779661016","50.74406779661018","1.225423728813559","Med_Speed","raikkonen",7,8,"alfa","red_bull_ring","Dry"
1018,24368,3,2019,"34.44406779661016","50.74406779661018","1.225423728813559","Med_Speed","bottas",1,3,"mercedes","red_bull_ring","Dry"
1060,25138,9,2021,"20.96602564102564","33.18397435897436","0.34807692307692306","Med_Speed","stroll",6,8,"aston_martin","red_bull_ring","Wet"
1031,24635,11,2020,"28.684166666666666","52.025","1.8875","Med_Speed","vettel",5,7,"ferrari","red_bull_ring","Dry"
1066,25247,20,2021,"19.13860759493671","21.75696202531645","0.2905063291139241","Med_Speed","max_verstappen",8,2,"red_bull","sochi","Wet"
1066,25250,16,2021,"19.13860759493671","21.75696202531645","0.2905063291139241","Med_Speed","bottas",1,4,"mercedes","sochi","Wet"
1025,24519,16,2019,"22.02977099236641","34.33206106870229","1.8740458015267176","Med_Speed","gasly",9,9,"toro_rosso","sochi","Wet"
1040,24808,1,2020,"28.806060606060612","40.342424242424244","1.428787878787879","Med_Speed","hamilton",1,3,"mercedes","sochi","Dry"
1066,25246,4,2021,"19.13860759493671","21.75696202531645","0.2905063291139241","Med_Speed","hamilton",1,1,"mercedes","sochi","Wet"
1004,24085,3,2018,"24.778181818181817","29.945454545454545","1.997272727272727","Med_Speed","vettel",3,3,"ferrari","sochi","Wet"
1040,24807,2,2020,"28.806060606060612","40.342424242424244","1.428787878787879","Med_Speed","max_verstappen",3,2,"red_bull","sochi","Dry"
1004,24087,19,2018,"24.778181818181817","29.945454545454545","1.997272727272727","Med_Speed","max_verstappen",7,5,"red_bull","sochi","Wet"
1040,24806,3,2020,"28.806060606060612","40.342424242424244","1.428787878787879","Med_Speed","bottas",1,1,"mercedes","sochi","Dry"
1040,24809,4,2020,"28.806060606060612","40.342424242424244","1.428787878787879","Med_Speed","perez",4,4,"racing_point","sochi","Dry"
1025,24518,15,2019,"22.02977099236641","34.33206106870229","1.8740458015267176","Med_Speed","raikkonen",8,8,"alfa","sochi","Wet"
1004,24092,8,2018,"24.778181818181817","29.945454545454545","1.997272727272727","Med_Speed","perez",5,7,"force_india","sochi","Wet"
1025,24508,1,2019,"22.02977099236641","34.33206106870229","1.8740458015267176","Med_Speed","leclerc",1,3,"ferrari","sochi","Wet"
1004,24083,2,2018,"24.778181818181817","29.945454545454545","1.997272727272727","Med_Speed","hamilton",1,1,"mercedes","sochi","Wet"
1004,24086,4,2018,"24.778181818181817","29.945454545454545","1.997272727272727","Med_Speed","raikkonen",3,4,"ferrari","sochi","Wet"
1025,24512,11,2019,"22.02977099236641","34.33206106870229","1.8740458015267176","Med_Speed","perez",6,6,"racing_point","sochi","Wet"
1025,24511,5,2019,"22.02977099236641","34.33206106870229","1.8740458015267176","Med_Speed","sainz",4,5,"mclaren","sochi","Wet"
1066,25260,19,2021,"19.13860759493671","21.75696202531645","0.2905063291139241","Med_Speed","leclerc",3,10,"ferrari","sochi","Wet"
1025,24509,9,2019,"22.02977099236641","34.33206106870229","1.8740458015267176","Med_Speed","max_verstappen",5,4,"red_bull","sochi","Wet"
1004,24097,14,2018,"24.778181818181817","29.945454545454545","1.997272727272727","Med_Speed","stroll",9,8,"williams","sochi","Wet"
1040,24811,10,2020,"28.806060606060612","40.342424242424244","1.428787878787879","Med_Speed","leclerc",6,5,"ferrari","sochi","Dry"
1025,24507,4,2019,"22.02977099236641","34.33206106870229","1.8740458015267176","Med_Speed","bottas",2,2,"mercedes","sochi","Wet"
1066,25248,2,2021,"19.13860759493671","21.75696202531645","0.2905063291139241","Med_Speed","sainz",3,3,"ferrari","sochi","Wet"
1066,25254,8,2021,"19.13860759493671","21.75696202531645","0.2905063291139241","Med_Speed","perez",8,6,"red_bull","sochi","Wet"
1040,24819,19,2020,"28.806060606060612","40.342424242424244","1.428787878787879","Med_Speed","raikkonen",8,8,"alfa","sochi","Dry"
1066,25256,7,2021,"19.13860759493671","21.75696202531645","0.2905063291139241","Med_Speed","stroll",5,7,"aston_martin","sochi","Wet"
1066,25258,11,2021,"19.13860759493671","21.75696202531645","0.2905063291139241","Med_Speed","gasly",7,9,"alphatauri","sochi","Wet"
1025,24516,14,2019,"22.02977099236641","34.33206106870229","1.8740458015267176","Med_Speed","stroll",6,7,"racing_point","sochi","Wet"
1066,25253,13,2021,"19.13860759493671","21.75696202531645","0.2905063291139241","Med_Speed","raikkonen",10,5,"alfa","sochi","Wet"
1066,25257,10,2021,"19.13860759493671","21.75696202531645","0.2905063291139241","Med_Speed","vettel",5,8,"aston_martin","sochi","Wet"
1025,24506,2,2019,"22.02977099236641","34.33206106870229","1.8740458015267176","Med_Speed","hamilton",2,1,"mercedes","sochi","Wet"
1004,24099,11,2018,"24.778181818181817","29.945454545454545","1.997272727272727","Med_Speed","sainz",8,9,"renault","sochi","Wet"
1004,24089,7,2018,"24.778181818181817","29.945454545454545","1.997272727272727","Med_Speed","leclerc",6,6,"sauber","sochi","Wet"
1040,24814,9,2020,"28.806060606060612","40.342424242424244","1.428787878787879","Med_Speed","gasly",5,6,"alphatauri","sochi","Dry"
1004,24084,1,2018,"24.778181818181817","29.945454545454545","1.997272727272727","Med_Speed","bottas",1,2,"mercedes","sochi","Wet"
1040,24818,14,2020,"28.806060606060612","40.342424242424244","1.428787878787879","Med_Speed","vettel",6,7,"ferrari","sochi","Dry"
1057,25068,4,2021,"24.17093023255814","38.31453488372093","0.2837209302325581","Med_Speed","gasly",4,3,"alphatauri","BAK","Dry"
992,23846,9,2018,"16.66140350877193","25.25175438596491","2.2228070175438597","Med_Speed","sainz",5,5,"renault","BAK","Dry"
992,23845,1,2018,"16.66140350877193","25.25175438596491","2.2228070175438597","Med_Speed","vettel",2,4,"ferrari","BAK","Dry"
992,23844,8,2018,"16.66140350877193","25.25175438596491","2.2228070175438597","Med_Speed","perez",4,3,"force_india","BAK","Dry"
992,23843,6,2018,"16.66140350877193","25.25175438596491","2.2228070175438597","Med_Speed","raikkonen",2,2,"ferrari","BAK","Dry"
1057,25080,2,2021,"24.17093023255814","38.31453488372093","0.2837209302325581","Med_Speed","hamilton",4,8,"mercedes","BAK","Dry"
1057,25073,5,2021,"24.17093023255814","38.31453488372093","0.2837209302325581","Med_Speed","sainz",1,5,"ferrari","BAK","Dry"
1013,24265,3,2019,"19.76356589147287","39.65426356589147","1.2496124031007751","Med_Speed","vettel",3,3,"ferrari","BAK","Dry"
1013,24264,2,2019,"19.76356589147287","39.65426356589147","1.2496124031007751","Med_Speed","hamilton",1,2,"mercedes","BAK","Dry"
1057,25069,1,2021,"24.17093023255814","38.31453488372093","0.2837209302325581","Med_Speed","leclerc",1,4,"ferrari","BAK","Dry"
1013,24267,8,2019,"19.76356589147287","39.65426356589147","1.2496124031007751","Med_Speed","leclerc",3,5,"ferrari","BAK","Dry"
1013,24263,1,2019,"19.76356589147287","39.65426356589147","1.2496124031007751","Med_Speed","bottas",1,1,"mercedes","BAK","Dry"
992,23842,2,2018,"16.66140350877193","25.25175438596491","2.2228070175438597","Med_Speed","hamilton",1,1,"mercedes","BAK","Dry"
1013,24266,4,2019,"19.76356589147287","39.65426356589147","1.2496124031007751","Med_Speed","max_verstappen",8,4,"red_bull","BAK","Dry"
1013,24272,0,2019,"19.76356589147287","39.65426356589147","1.2496124031007751","Med_Speed","raikkonen",9,9,"alfa","BAK","Dry"
992,23849,10,2018,"16.66140350877193","25.25175438596491","2.2228070175438597","Med_Speed","stroll",6,7,"williams","BAK","Dry"
1057,25066,6,2021,"24.17093023255814","38.31453488372093","0.2837209302325581","Med_Speed","perez",3,1,"red_bull","BAK","Dry"
992,23853,17,2018,"16.66140350877193","25.25175438596491","2.2228070175438597","Med_Speed","gasly",8,8,"toro_rosso","BAK","Dry"
992,23847,13,2018,"16.66140350877193","25.25175438596491","2.2228070175438597","Med_Speed","leclerc",7,6,"sauber","BAK","Dry"
1057,25075,14,2021,"24.17093023255814","38.31453488372093","0.2837209302325581","Med_Speed","raikkonen",8,6,"alfa","BAK","Dry"
1057,25077,10,2021,"24.17093023255814","38.31453488372093","0.2837209302325581","Med_Speed","bottas",4,7,"mercedes","BAK","Dry"
1013,24271,13,2019,"19.76356589147287","39.65426356589147","1.2496124031007751","Med_Speed","stroll",6,8,"racing_point","BAK","Dry"
1013,24269,9,2019,"19.76356589147287","39.65426356589147","1.2496124031007751","Med_Speed","sainz",5,7,"mclaren","BAK","Dry"
1013,24268,5,2019,"19.76356589147287","39.65426356589147","1.2496124031007751","Med_Speed","perez",6,6,"racing_point","BAK","Dry"
1057,25067,11,2021,"24.17093023255814","38.31453488372093","0.2837209302325581","Med_Speed","vettel",7,2,"aston_martin","BAK","Dry"
1042,24848,3,2020,"20.50546875","25.715625","4.040625","Med_Speed","max_verstappen",3,3,"red_bull","portimao","Dry"
1054,25011,8,2021,"19.392537313432832","38.950746268656715","0.8373134328358208","Med_Speed","leclerc",5,5,"ferrari","portimao","Dry"
1054,25018,10,2021,"19.392537313432832","38.950746268656715","0.8373134328358208","Med_Speed","vettel",8,8,"aston_martin","portimao","Dry"
1054,25007,3,2021,"19.392537313432832","38.950746268656715","0.8373134328358208","Med_Speed","max_verstappen",3,2,"red_bull","portimao","Dry"
1054,25006,2,2021,"19.392537313432832","38.950746268656715","0.8373134328358208","Med_Speed","hamilton",1,1,"mercedes","portimao","Dry"
1054,25009,4,2021,"19.392537313432832","38.950746268656715","0.8373134328358208","Med_Speed","perez",3,4,"red_bull","portimao","Dry"
1054,25015,9,2021,"19.392537313432832","38.950746268656715","0.8373134328358208","Med_Speed","gasly",7,6,"alphatauri","portimao","Dry"
1054,25008,1,2021,"19.392537313432832","38.950746268656715","0.8373134328358208","Med_Speed","bottas",1,3,"mercedes","portimao","Dry"
1042,24856,16,2020,"20.50546875","25.715625","4.040625","Med_Speed","raikkonen",9,9,"alfa","portimao","Dry"
1042,24852,5,2020,"20.50546875","25.715625","4.040625","Med_Speed","perez",5,7,"racing_point","portimao","Dry"
1042,24850,9,2020,"20.50546875","25.715625","4.040625","Med_Speed","gasly",8,5,"alphatauri","portimao","Dry"
1054,25019,17,2021,"19.392537313432832","38.950746268656715","0.8373134328358208","Med_Speed","stroll",8,9,"aston_martin","portimao","Dry"
1054,25016,5,2021,"19.392537313432832","38.950746268656715","0.8373134328358208","Med_Speed","sainz",5,7,"ferrari","portimao","Dry"
1042,24847,2,2020,"20.50546875","25.715625","4.040625","Med_Speed","bottas",1,2,"mercedes","portimao","Dry"
1042,24846,1,2020,"20.50546875","25.715625","4.040625","Med_Speed","hamilton",1,1,"mercedes","portimao","Dry"
1042,24849,4,2020,"20.50546875","25.715625","4.040625","Med_Speed","leclerc",6,4,"ferrari","portimao","Dry"
1042,24851,7,2020,"20.50546875","25.715625","4.040625","Med_Speed","sainz",4,6,"mclaren","portimao","Dry"
1042,24855,15,2020,"20.50546875","25.715625","4.040625","Med_Speed","vettel",6,8,"ferrari","portimao","Dry"
1039,24787,2,2020,"30.169886363636362","43.10227272727273","2.3647727272727277","High_Speed","bottas",1,2,"mercedes","mugello","Dry"
1039,24790,7,2020,"30.169886363636362","43.10227272727273","2.3647727272727277","High_Speed","perez",3,3,"racing_point","mugello","Dry"
1039,24794,13,2020,"30.169886363636362","43.10227272727273","2.3647727272727277","High_Speed","raikkonen",6,5,"alfa","mugello","Dry"
1039,24793,5,2020,"30.169886363636362","43.10227272727273","2.3647727272727277","High_Speed","leclerc",4,4,"ferrari","mugello","Dry"
1039,24786,1,2020,"30.169886363636362","43.10227272727273","2.3647727272727277","High_Speed","hamilton",1,1,"mercedes","mugello","Dry"
1039,24795,14,2020,"30.169886363636362","43.10227272727273","2.3647727272727277","High_Speed","vettel",4,6,"ferrari","mugello","Dry"
1072,25380,12,2021,"28.816062176165804","31.68497409326425","0.27150259067357513","High_Speed","raikkonen",7,8,"alfa","jeddah","Dry"
1072,25372,4,2021,"28.816062176165804","31.68497409326425","0.27150259067357513","High_Speed","leclerc",5,5,"ferrari","jeddah","Dry"
1072,25366,1,2021,"28.816062176165804","31.68497409326425","0.27150259067357513","High_Speed","hamilton",1,1,"mercedes","jeddah","Dry"
1072,25373,15,2021,"28.816062176165804","31.68497409326425","0.27150259067357513","High_Speed","sainz",5,6,"ferrari","jeddah","Dry"
1072,25371,6,2021,"28.816062176165804","31.68497409326425","0.27150259067357513","High_Speed","gasly",4,4,"alphatauri","jeddah","Dry"
1072,25376,18,2021,"28.816062176165804","31.68497409326425","0.27150259067357513","High_Speed","stroll",8,7,"aston_martin","jeddah","Dry"
1072,25368,2,2021,"28.816062176165804","31.68497409326425","0.27150259067357513","High_Speed","bottas",1,3,"mercedes","jeddah","Dry"
1072,25367,3,2021,"28.816062176165804","31.68497409326425","0.27150259067357513","High_Speed","max_verstappen",3,2,"red_bull","jeddah","Dry"
1051,25359,16,2021,"26.41513157894737","30.60328947368421","0.42302631578947364","Med_Speed","raikkonen",9,9,"alfa","losail","Wet"
1051,25355,10,2021,"26.41513157894737","30.60328947368421","0.42302631578947364","Med_Speed","vettel",7,7,"aston_martin","losail","Wet"
1051,25352,5,2021,"26.41513157894737","30.60328947368421","0.42302631578947364","Med_Speed","sainz",5,5,"ferrari","losail","Wet"
1051,25351,12,2021,"26.41513157894737","30.60328947368421","0.42302631578947364","Med_Speed","stroll",7,4,"aston_martin","losail","Wet"
1051,25347,7,2021,"26.41513157894737","30.60328947368421","0.42302631578947364","Med_Speed","max_verstappen",3,2,"red_bull","losail","Wet"
1051,25353,13,2021,"26.41513157894737","30.60328947368421","0.42302631578947364","Med_Speed","leclerc",5,6,"ferrari","losail","Wet"
1051,25349,11,2021,"26.41513157894737","30.60328947368421","0.42302631578947364","Med_Speed","perez",3,3,"red_bull","losail","Wet"
1051,25356,2,2021,"26.41513157894737","30.60328947368421","0.42302631578947364","Med_Speed","gasly",2,8,"alphatauri","losail","Wet"
1051,25346,1,2021,"26.41513157894737","30.60328947368421","0.42302631578947364","Med_Speed","hamilton",1,1,"mercedes","losail","Wet"
