"","raceId","circuitId","X","qualifyId","driverId","constructorId","number","position_indiv","position_team","Fastest_Qual","year","round","Rainfall","Air.Temp","Track.Temp","Wind.Speed","Single","Throttle","Brake","Fastest_Qual_Secs"
"1",989,1,3,7540,1,131,44,1,5.5,"01:21.2",2018,1,"Dry",24.73717949,30.47307692,0.775641026,"No",71.7072648483304,0.5471322967117,81.2
"2",989,1,4,7541,8,6,7,2,2.5,"01:21.8",2018,1,"Dry",24.73717949,30.47307692,0.775641026,"No",59.2049451950038,0.426255416772878,81.8
"3",989,1,5,7542,20,6,5,3,2.5,"01:21.8",2018,1,"Dry",24.73717949,30.47307692,0.775641026,"No",60.6156512872801,0.450675503441244,81.8
"4",989,1,6,7543,830,9,33,4,4.5,"01:21.9",2018,1,"Dry",24.73717949,30.47307692,0.775641026,"No",56.3403517716034,0.406066785623247,81.9
"5",989,1,7,7544,817,9,3,5,4.5,"01:22.2",2018,1,"Dry",24.73717949,30.47307692,0.775641026,"No",58.0821820035687,0.419882742798878,82.2
"6",989,1,8,7545,825,210,20,6,6.5,"01:23.2",2018,1,"Dry",24.73717949,30.47307692,0.775641026,"No",78.4579658424675,0.623400458832526,83.2
"7",989,1,9,7546,154,210,8,7,6.5,"01:23.3",2018,1,"Dry",24.73717949,30.47307692,0.775641026,"No",78.4299770583737,0.640071373948509,83.3
"8",989,1,10,7547,807,4,27,8,8.5,"01:23.5",2018,1,"Dry",24.73717949,30.47307692,0.775641026,"No",60.593372419067,0.469283711445322,83.5
"9",989,1,11,7548,832,4,55,9,8.5,"01:23.1",2018,1,"Dry",24.73717949,30.47307692,0.775641026,"No",52.6018863114963,0.384450675503441,83.1
"10",989,1,12,7549,822,131,77,10,5.5,"01:22.1",2018,1,"Dry",24.73717949,30.47307692,0.775641026,"No",65.5764465969921,0.52286515421871,82.1
"11",1010,1,423,7960,1,131,44,1,1.5,"01:20.5",2019,1,"Dry",23.16923077,37.77051282,1.626923077,"No",77.3324281395706,0.595941999282677,80.5
"12",1010,1,424,7961,822,131,77,2,1.5,"01:20.6",2019,1,"Dry",23.16923077,37.77051282,1.626923077,"No",63.5337398165702,0.471896295537224,80.6
"13",1010,1,425,7962,20,6,5,3,4,"01:21.2",2019,1,"Dry",23.16923077,37.77051282,1.626923077,"No",65.3279704872675,0.493569708459292,81.2
"14",1010,1,426,7963,830,9,33,4,10.5,"01:21.3",2019,1,"Dry",23.16923077,37.77051282,1.626923077,"No",45.2474765588974,0.331710816211508,81.3
"15",1010,1,427,7964,844,6,16,5,4,"01:21.4",2019,1,"Dry",23.16923077,37.77051282,1.626923077,"No",72.7225495721678,0.566736691089819,81.4
"16",1010,1,428,7965,154,210,8,6,6.5,"01:21.8",2019,1,"Dry",23.16923077,37.77051282,1.626923077,"No",63.0405287697904,0.506122867243941,81.8
"17",1010,1,429,7966,825,210,20,7,6.5,"01:22.1",2019,1,"Dry",23.16923077,37.77051282,1.626923077,"No",70.5846697750679,0.540861812778603,82.1
"18",1010,1,430,7967,846,1,4,8,13,"01:22.3",2019,1,"Dry",23.16923077,37.77051282,1.626923077,"No",51.7687656914485,0.331454629297535,82.3
"19",1010,1,431,7968,8,51,7,9,11.5,"01:22.3",2019,1,"Dry",23.16923077,37.77051282,1.626923077,"No",50.6722856996465,0.35046369831429,82.3
"20",1010,1,432,7969,815,211,11,10,13,"01:22.5",2019,1,"Dry",23.16923077,37.77051282,1.626923077,"No",55.122406107496,0.42639749961572,82.5
"21",990,3,23,7560,20,6,5,1,1.5,"01:28.0",2018,2,"Dry",28.21447368,31.86447368,0.718421053,"No",51.8396251112624,0.421749829834023,88
"22",990,3,24,7561,8,6,7,2,1.5,"01:28.1",2018,2,"Dry",28.21447368,31.86447368,0.718421053,"No",50.7879470129326,0.383213780826221,88.1
"23",990,3,25,7562,822,131,77,3,3.5,"01:28.1",2018,2,"Dry",28.21447368,31.86447368,0.718421053,"No",74.204303890256,0.626682025236923,88.1
"24",990,3,26,7563,1,131,44,4,3.5,"01:28.2",2018,2,"Dry",28.21447368,31.86447368,0.718421053,"No",73.5812869783758,0.605110215194513,88.2
"25",990,3,27,7564,817,9,3,5,10,"01:28.4",2018,2,"Dry",28.21447368,31.86447368,0.718421053,"No",64.0608408817216,0.515681449290539,88.4
"26",990,3,28,7565,842,5,10,6,8.5,"01:29.3",2018,2,"Dry",28.21447368,31.86447368,0.718421053,"No",59.4822765589821,0.433739986386722,89.3
"27",990,3,29,7566,825,210,20,7,11.5,"01:29.4",2018,2,"Dry",28.21447368,31.86447368,0.718421053,"No",66.8472694905492,0.548981622074454,89.4
"28",990,3,30,7567,807,4,27,8,9,"01:29.2",2018,2,"Dry",28.21447368,31.86447368,0.718421053,"No",39.7139117231269,0.286926017068956,89.2
"29",990,3,31,7568,839,10,31,9,10.5,"01:29.9",2018,2,"Dry",28.21447368,31.86447368,0.718421053,"No",64.0860254463584,0.511702183360385,89.9
"30",990,3,32,7569,832,4,55,10,9,"01:29.8",2018,2,"Dry",28.21447368,31.86447368,0.718421053,"No",36.0113094926436,0.241897481543536,89.8
"31",1045,3,1119,8675,1,131,44,1,1.5,"01:27.3",2020,15,"Dry",26.25232558,27.89883721,0.665116279,"No",51.6740765109503,0.41324372591409,87.3
"32",1045,3,1120,8676,822,131,77,2,1.5,"01:27.6",2020,15,"Dry",26.25232558,27.89883721,0.665116279,"No",49.3309991540558,0.398533696776013,87.6
"33",1045,3,1121,8677,830,9,33,3,3.5,"01:27.7",2020,15,"Dry",26.25232558,27.89883721,0.665116279,"No",43.8357458407745,0.33724974151706,87.7
"34",1045,3,1122,8678,848,9,23,4,3.5,"01:28.3",2020,15,"Dry",26.25232558,27.89883721,0.665116279,"No",28.5125011749225,0.208478240436131,88.3
"35",1045,3,1123,8679,815,211,11,5,9,"01:28.3",2020,15,"Dry",26.25232558,27.89883721,0.665116279,"No",42.4938904032334,0.325265532474857,88.3
"36",1045,3,1124,8680,817,4,3,6,6.5,"01:28.4",2020,15,"Dry",26.25232558,27.89883721,0.665116279,"No",41.2070213365918,0.266096437635116,88.4
"37",1045,3,1125,8681,839,4,31,7,6.5,"01:28.4",2020,15,"Dry",26.25232558,27.89883721,0.665116279,"No",34.5547043895103,0.245605790017859,88.4
"38",1045,3,1126,8682,842,213,10,8,9,"01:28.4",2020,15,"Dry",26.25232558,27.89883721,0.665116279,"No",53.8790769809193,0.432700441770843,88.4
"39",1045,3,1127,8683,846,1,4,9,12,"01:28.5",2020,15,"Dry",26.25232558,27.89883721,0.665116279,"No",42.5132061283955,0.309098599492434,88.5
"40",1045,3,1128,8684,826,213,26,10,9,"01:28.6",2020,15,"Dry",26.25232558,27.89883721,0.665116279,"No",65.7077262900649,0.528198138922831,88.6
"41",1046,3,1139,8695,822,131,77,1,1.5,"00:53.4",2020,16,"Dry",24.01428571,26.92857143,0.627272727,"No",54.2463481192145,0.408475573866981,53.4
"42",1046,3,1140,8696,847,131,63,2,1.5,"00:53.4",2020,16,"Dry",24.01428571,26.92857143,0.627272727,"No",51.8636631173418,0.389105891165926,53.4
"43",1046,3,1141,8697,830,9,33,3,7.5,"00:53.4",2020,16,"Dry",24.01428571,26.92857143,0.627272727,"No",55.9145486649901,0.456578736154957,53.4
"44",1046,3,1142,8698,844,6,16,4,8.5,"00:53.6",2020,16,"Dry",24.01428571,26.92857143,0.627272727,"No",75.7853282679651,0.619776339022955,53.6
"45",1046,3,1143,8699,815,211,11,5,7.5,"00:53.8",2020,16,"Dry",24.01428571,26.92857143,0.627272727,"No",58.6478677296806,0.500989887099363,53.8
"46",1046,3,1144,8700,826,213,26,6,7.5,"00:53.9",2020,16,"Dry",24.01428571,26.92857143,0.627272727,"No",49.2238214992776,0.331906469045963,53.9
"47",1046,3,1145,8701,817,4,3,7,9,"00:53.9",2020,16,"Dry",24.01428571,26.92857143,0.627272727,"No",31.7301086200439,0.218470758200011,53.9
"48",1046,3,1146,8702,832,1,55,8,11.5,"00:53.8",2020,16,"Dry",24.01428571,26.92857143,0.627272727,"No",59.0015517149125,0.464711862592969,53.8
"49",1046,3,1147,8703,842,213,10,9,7.5,"00:53.9",2020,16,"Dry",24.01428571,26.92857143,0.627272727,"No",48.0537749478303,0.313178875274225,53.9
"50",1046,3,1148,8704,840,211,18,10,7.5,"00:53.8",2020,16,"Dry",24.01428571,26.92857143,0.627272727,"No",54.5823746588903,0.461822462411044,53.8
"51",1052,3,1179,8735,830,9,33,1,6,"01:29.0",2021,1,"Dry",29.06025641,33.84358974,0.966666667,"No",48.1719026905107,0.373556737017346,89
"52",1052,3,1180,8736,1,131,44,2,2.5,"01:29.4",2021,1,"Dry",29.06025641,33.84358974,0.966666667,"No",68.626389560174,0.540840985983567,89.4
"53",1052,3,1181,8737,822,131,77,3,2.5,"01:29.6",2021,1,"Dry",29.06025641,33.84358974,0.966666667,"No",69.6988346490521,0.561194350464529,89.6
"54",1052,3,1182,8738,844,6,16,4,6,"01:29.7",2021,1,"Dry",29.06025641,33.84358974,0.966666667,"No",49.9941463938564,0.395467482949358,89.7
"55",1052,3,1183,8739,842,213,10,5,9,"01:29.8",2021,1,"Dry",29.06025641,33.84358974,0.966666667,"No",50.1484882659363,0.370710488158531,89.8
"56",1052,3,1184,8740,817,1,3,6,6.5,"01:29.9",2021,1,"Dry",29.06025641,33.84358974,0.966666667,"No",40.5355781107352,0.251490252940229,89.9
"57",1052,3,1185,8741,846,1,4,7,6.5,"01:30.0",2021,1,"Dry",29.06025641,33.84358974,0.966666667,"No",41.8219751893024,0.301057945330541,90
"58",1052,3,1186,8742,832,6,55,8,6,"01:30.0",2021,1,"Dry",29.06025641,33.84358974,0.966666667,"No",63.5764459481231,0.49965093174373,90
"59",1052,3,1187,8743,4,214,14,9,12.5,"01:30.2",2021,1,"Dry",29.06025641,33.84358974,0.966666667,"No",28.9641265238172,0.203157725149025,90.2
"60",1052,3,1188,8744,840,117,18,10,14,"01:30.6",2021,1,"Dry",29.06025641,33.84358974,0.966666667,"No",45.7155362225444,0.369743837602707,90.6
"61",1014,4,499,8038,822,131,77,1,1.5,"01:15.4",2019,5,"Dry",21.07012987,33.8,2.198701299,"No",71.6092317256385,0.581619437393151,75.4
"62",1014,4,500,8039,1,131,44,2,1.5,"01:16.0",2019,5,"Dry",21.07012987,33.8,2.198701299,"No",76.210019168005,0.626534735533337,76
"63",1014,4,501,8040,20,6,5,3,4,"01:16.3",2019,5,"Dry",21.07012987,33.8,2.198701299,"No",62.5817230482308,0.496762161322074,76.3
"64",1014,4,502,8041,830,9,33,4,5,"01:16.4",2019,5,"Dry",21.07012987,33.8,2.198701299,"No",62.7061596643009,0.540434129409936,76.4
"65",1014,4,503,8042,844,6,16,5,4,"01:16.6",2019,5,"Dry",21.07012987,33.8,2.198701299,"No",68.3746567891001,0.53354400870331,76.6
"66",1014,4,504,8043,842,9,10,6,5,"01:16.7",2019,5,"Dry",21.07012987,33.8,2.198701299,"No",67.531627208206,0.551054240273533,76.7
"67",1014,4,505,8044,154,210,8,7,7.5,"01:16.9",2019,5,"Dry",21.07012987,33.8,2.198701299,"No",68.9457597264674,0.583536237890483,76.9
"68",1014,4,506,8045,825,210,20,8,7.5,"01:16.9",2019,5,"Dry",21.07012987,33.8,2.198701299,"No",68.4501890897788,0.570688494016474,76.9
"69",1014,4,507,8046,826,5,26,9,10.5,"01:17.2",2019,5,"Dry",21.07012987,33.8,2.198701299,"No",71.7056934155313,0.542299124488421,77.2
"70",1014,4,508,8047,817,4,3,10,13,"01:17.3",2019,5,"Dry",21.07012987,33.8,2.198701299,"No",35.6782883489613,0.184271874838108,77.3
"71",1036,4,939,8478,1,131,44,1,1.5,"01:15.6",2020,6,"Dry",30.8025641,48.96666667,2.006410256,"No",69.2587819177286,0.587819177285721,75.6
"72",1036,4,940,8479,822,131,77,2,1.5,"01:15.6",2020,6,"Dry",30.8025641,48.96666667,2.006410256,"No",72.763942051456,0.628906439265468,75.6
"73",1036,4,941,8480,830,9,33,3,4.5,"01:16.3",2020,6,"Dry",30.8025641,48.96666667,2.006410256,"No",50.6139832356219,0.414748776588013,76.3
"74",1036,4,942,8481,815,211,11,4,4.5,"01:16.5",2020,6,"Dry",30.8025641,48.96666667,2.006410256,"No",46.5606860797519,0.380880856630651,76.5
"75",1036,4,943,8482,840,211,18,5,4.5,"01:16.6",2020,6,"Dry",30.8025641,48.96666667,2.006410256,"No",46.6547313338825,0.379669557633606,76.6
"76",1036,4,944,8483,848,9,23,6,4.5,"01:17.0",2020,6,"Dry",30.8025641,48.96666667,2.006410256,"No",43.2784049614807,0.35113135326324,77
"77",1036,4,945,8484,832,1,55,7,7.5,"01:16.9",2020,6,"Dry",30.8025641,48.96666667,2.006410256,"No",63.8108920005814,0.535006541014584,76.9
"78",1036,4,946,8485,846,1,4,8,7.5,"01:17.1",2020,6,"Dry",30.8025641,48.96666667,2.006410256,"No",41.9448616696545,0.318135568583749,77.1
"79",1036,4,947,8486,844,6,16,9,10,"01:17.0",2020,6,"Dry",30.8025641,48.96666667,2.006410256,"No",68.7839042589273,0.554387324967295,77
"80",1036,4,948,8487,842,213,10,10,11,"01:16.8",2020,6,"Dry",30.8025641,48.96666667,2.006410256,"No",66.5415475555986,0.538834245845244,76.8
"81",1055,4,1239,8795,1,131,44,1,2,"01:16.7",2021,4,"Dry",25.07727273,44.58977273,0.553409091,"No",76.1498047407138,0.632276814094996,76.7
"82",1055,4,1240,8796,830,9,33,2,5,"01:16.8",2021,4,"Dry",25.07727273,44.58977273,0.553409091,"No",63.2548814821542,0.545636181999818,76.8
"83",1055,4,1241,8797,822,131,77,3,2,"01:16.9",2021,4,"Dry",25.07727273,44.58977273,0.553409091,"No",76.4411043501953,0.657615112160567,76.9
"84",1055,4,1242,8798,844,6,16,4,5,"01:17.5",2021,4,"Dry",25.07727273,44.58977273,0.553409091,"No",73.5523113250386,0.604895104895105,77.5
"85",1055,4,1243,8799,839,214,31,5,7.5,"01:17.6",2021,4,"Dry",25.07727273,44.58977273,0.553409091,"No",23.1061211515757,0.13958768504223,77.6
"86",1055,4,1244,8800,832,6,55,6,5,"01:17.6",2021,4,"Dry",25.07727273,44.58977273,0.553409091,"No",77.1512124239397,0.660430478612297,77.6
"87",1055,4,1245,8801,817,1,3,7,8,"01:17.6",2021,4,"Dry",25.07727273,44.58977273,0.553409091,"No",40.8225865044047,0.311052583779857,77.6
"88",1055,4,1246,8802,815,9,11,8,5,"01:17.7",2021,4,"Dry",25.07727273,44.58977273,0.553409091,"No",42.9831078012896,0.35605303787122,77.7
"89",1055,4,1247,8803,846,1,4,9,8,"01:17.7",2021,4,"Dry",25.07727273,44.58977273,0.553409091,"No",70.4378803015167,0.594042321315049,77.7
"90",1055,4,1248,8804,4,214,14,10,7.5,"01:18.0",2021,4,"Dry",25.07727273,44.58977273,0.553409091,"No",23.2346290073563,0.14063209517755,78
"91",994,6,103,7640,817,9,3,1,10.5,"01:10.8",2018,6,"Dry",26.60895522,47.45373134,1.120895522,"No",51.9039102758412,0.426614125492573,70.8
"92",994,6,104,7641,20,6,5,2,3,"01:11.0",2018,6,"Dry",26.60895522,47.45373134,1.120895522,"No",47.9994543801152,0.406486814186117,71
"93",994,6,105,7642,1,131,44,3,4,"01:11.2",2018,6,"Dry",26.60895522,47.45373134,1.120895522,"No",59.6648681418612,0.504940891179145,71.2
"94",994,6,106,7643,8,6,7,4,3,"01:11.3",2018,6,"Dry",26.60895522,47.45373134,1.120895522,"No",51.489724158836,0.419399818126705,71.3
"95",994,6,120,7657,822,131,77,5,4,"01:11.4",2018,6,"Dry",26.60895522,47.45373134,1.120895522,"No",58.4900879054259,0.49918157017278,71.4
"96",994,6,121,7658,839,10,31,6,7.5,"01:12.1",2018,6,"Dry",26.60895522,47.45373134,1.120895522,"No",49.5696271597454,0.454865110639588,72.1
"97",994,6,107,7644,4,1,14,7,9.5,"01:12.1",2018,6,"Dry",26.60895522,47.45373134,1.120895522,"No",55.373628372234,0.473598060018187,72.1
"98",994,6,108,7645,832,4,55,8,9.5,"01:12.1",2018,6,"Dry",26.60895522,47.45373134,1.120895522,"No",36.2489239163383,0.279963625341012,72.1
"99",994,6,109,7646,815,10,11,9,7.5,"01:12.2",2018,6,"Dry",26.60895522,47.45373134,1.120895522,"No",54.6046074568051,0.483843588966353,72.2
"100",994,6,110,7647,842,5,10,10,13,"01:12.2",2018,6,"Dry",26.60895522,47.45373134,1.120895522,"No",50.3265838132767,0.379993937556835,72.2
"101",1015,6,519,8058,1,131,44,1,1.5,"01:10.2",2019,6,"Dry",21.43896104,42.41038961,1.045454545,"No",44.2146178360587,0.348675617783815,70.2
"102",1015,6,520,8059,822,131,77,2,1.5,"01:10.3",2019,6,"Dry",21.43896104,42.41038961,1.045454545,"No",62.079828640092,0.535917663653937,70.3
"103",1015,6,521,8060,830,9,33,3,4,"01:10.6",2019,6,"Dry",21.43896104,42.41038961,1.045454545,"No",58.1131079880884,0.512094456924926,70.6
"104",1015,6,522,8061,20,6,5,4,10,"01:10.9",2019,6,"Dry",21.43896104,42.41038961,1.045454545,"No",50.8677707538791,0.406614074499765,70.9
"105",1015,6,523,8062,842,9,10,5,4,"01:11.0",2019,6,"Dry",21.43896104,42.41038961,1.045454545,"No",48.8164672692127,0.404733295021159,71
"106",1015,6,524,8063,825,210,20,6,9.5,"01:11.1",2019,6,"Dry",21.43896104,42.41038961,1.045454545,"No",59.0443550493705,0.515072357766052,71.1
"107",1015,6,525,8064,817,4,3,7,9,"01:11.2",2019,6,"Dry",21.43896104,42.41038961,1.045454545,"No",35.9129617052401,0.237709628546053,71.2
"108",1015,6,526,8065,826,5,26,8,9,"01:11.3",2019,6,"Dry",21.43896104,42.41038961,1.045454545,"No",58.6003866046706,0.45446946345541,71.3
"109",1015,6,527,8066,832,1,55,9,10.5,"01:11.4",2019,6,"Dry",21.43896104,42.41038961,1.045454545,"No",41.1686954704561,0.32746460477509,71.4
"110",1015,6,528,8067,848,5,23,10,9,"01:11.4",2019,6,"Dry",21.43896104,42.41038961,1.045454545,"No",40.7843895303276,0.312418368946241,71.4
"111",1056,6,1259,8815,844,6,16,1,2.5,"01:10.3",2021,5,"Dry",18.74487179,32.7474359,0.220512821,"No",59.9927831331512,0.515490489200474,70.3
"112",1056,6,1260,8816,830,9,33,2,5.5,"01:10.6",2021,5,"Dry",18.74487179,32.7474359,0.220512821,"No",47.0990772720243,0.389607711737718,70.6
"113",1056,6,1261,8817,822,131,77,3,5,"01:10.6",2021,5,"Dry",18.74487179,32.7474359,0.220512821,"No",48.4647662250631,0.388886025052838,70.6
"114",1056,6,1262,8818,832,6,55,4,2.5,"01:10.6",2021,5,"Dry",18.74487179,32.7474359,0.220512821,"No",59.1285633280066,0.498273106861178,70.6
"115",1056,6,1263,8819,846,1,4,5,8.5,"01:10.6",2021,5,"Dry",18.74487179,32.7474359,0.220512821,"No",67.6771483066137,0.574050208773648,70.6
"116",1056,6,1264,8820,842,213,10,6,11,"01:10.9",2021,5,"Dry",18.74487179,32.7474359,0.220512821,"No",44.5858549409763,0.313727511727409,70.9
"117",1056,6,1265,8821,1,131,44,7,5,"01:11.1",2021,5,"Dry",18.74487179,32.7474359,0.220512821,"No",43.8205577607093,0.336254446105469,71.1
"118",1056,6,1266,8822,20,117,5,8,10.5,"01:11.3",2021,5,"Dry",18.74487179,32.7474359,0.220512821,"No",39.9104593020259,0.321459869065416,71.3
"119",1056,6,1267,8823,815,9,11,9,5.5,"01:11.0",2021,5,"Dry",18.74487179,32.7474359,0.220512821,"No",46.2661477395742,0.385947729264395,71
"120",1056,6,1268,8824,841,51,99,10,12,"01:11.4",2021,5,"Dry",18.74487179,32.7474359,0.220512821,"No",40.7261199030878,0.328161245425022,71.4
"121",995,7,123,7660,20,6,5,1,3,"01:10.8",2018,7,"Dry",23.17878788,43.43484848,2.021212121,"No",64.25899543379,0.498995433789954,70.8
"122",995,7,124,7661,822,131,77,2,3,"01:10.9",2018,7,"Dry",23.17878788,43.43484848,2.021212121,"No",77.4467579908676,0.61662100456621,70.9
"123",995,7,125,7662,830,9,33,3,4.5,"01:10.9",2018,7,"Dry",23.17878788,43.43484848,2.021212121,"No",61.2027397260274,0.479817351598174,70.9
"124",995,7,126,7663,1,131,44,4,3,"01:11.0",2018,7,"Dry",23.17878788,43.43484848,2.021212121,"No",78.4726331811263,0.588980213089802,71
"125",995,7,127,7664,8,6,7,5,3,"01:11.1",2018,7,"Dry",23.17878788,43.43484848,2.021212121,"No",56.7201826484018,0.395616438356164,71.1
"126",995,7,128,7665,817,9,3,6,4.5,"01:11.1",2018,7,"Dry",23.17878788,43.43484848,2.021212121,"No",60.4789649923896,0.441156773211568,71.1
"127",995,7,129,7666,807,4,27,7,8,"01:11.9",2018,7,"Dry",23.17878788,43.43484848,2.021212121,"No",42.8666666666667,0.314033485540335,71.9
"128",995,7,130,7667,839,10,31,8,9,"01:12.1",2018,7,"Dry",23.17878788,43.43484848,2.021212121,"No",69.0135768645358,0.582952815829528,72.1
"129",995,7,131,7668,832,4,55,9,8,"01:12.1",2018,7,"Dry",23.17878788,43.43484848,2.021212121,"No",55.1475799086758,0.432085235920852,72.1
"130",995,7,132,7669,815,10,11,10,9,"01:12.4",2018,7,"Dry",23.17878788,43.43484848,2.021212121,"No",81.9378386605784,0.712876712328767,72.4
"131",1016,7,539,8078,20,6,5,1,2,"01:10.2",2019,7,"Dry",22.5,48.0212766,1.534042553,"No",67.7439702360588,0.548580225795416,70.2
"132",1016,7,540,8079,1,131,44,2,4,"01:10.4",2019,7,"Dry",22.5,48.0212766,1.534042553,"No",58.5976308587068,0.464206294902497,70.4
"133",1016,7,541,8080,844,6,16,3,2,"01:10.9",2019,7,"Dry",22.5,48.0212766,1.534042553,"No",78.9557389668149,0.637914813547725,70.9
"134",1016,7,542,8081,817,4,3,4,5.5,"01:11.1",2019,7,"Dry",22.5,48.0212766,1.534042553,"No",40.3308672596647,0.264197742045843,71.1
"135",1016,7,543,8082,842,9,10,5,8,"01:11.1",2019,7,"Dry",22.5,48.0212766,1.534042553,"No",69.0699623674307,0.575735545672254,71.1
"136",1016,7,544,8083,822,131,77,6,4,"01:11.1",2019,7,"Dry",22.5,48.0212766,1.534042553,"No",77.3827830995553,0.661948340745809,71.1
"137",1016,7,545,8084,807,4,27,7,5.5,"01:11.3",2019,7,"Dry",22.5,48.0212766,1.534042553,"No",28.2642405063291,0.169047211768731,71.3
"138",1016,7,546,8085,846,1,4,8,8.5,"01:11.7",2019,7,"Dry",22.5,48.0212766,1.534042553,"No",61.5916438590489,0.497776257269928,71.7
"139",1016,7,547,8086,832,1,55,9,8.5,"01:11.6",2019,7,"Dry",22.5,48.0212766,1.534042553,"No",58.4121621621622,0.469081423195347,71.6
"140",1016,7,548,8087,825,210,20,10,12.5,"01:11.8",2019,7,"Dry",22.5,48.0212766,1.534042553,"No",72.484519329456,0.624572357167294,71.8
"141",998,9,183,7720,1,131,44,1,2.5,"01:25.9",2018,10,"Dry",26.46438356,52.44794521,1.550684932,"No",78.7413697720735,0.61617614516486,85.9
"142",998,9,184,7721,20,6,5,2,2.5,"01:25.9",2018,10,"Dry",26.46438356,52.44794521,1.550684932,"No",68.224828501881,0.528988714317327,85.9
"143",998,9,185,7722,8,6,7,3,2.5,"01:26.0",2018,10,"Dry",26.46438356,52.44794521,1.550684932,"No",69.7054104890462,0.51936269086081,86
"144",998,9,186,7723,822,131,77,4,2.5,"01:26.2",2018,10,"Dry",26.46438356,52.44794521,1.550684932,"No",78.6873755255587,0.62934277495021,86.2
"145",998,9,187,7724,830,9,33,5,5.5,"01:26.6",2018,10,"Dry",26.46438356,52.44794521,1.550684932,"No",66.6364239876079,0.519307368886922,86.6
"146",998,9,188,7725,817,9,3,6,5.5,"01:27.1",2018,10,"Dry",26.46438356,52.44794521,1.550684932,"No",57.1612635538836,0.411982739544147,87.1
"147",998,9,189,7726,825,210,20,7,7.5,"01:27.2",2018,10,"Dry",26.46438356,52.44794521,1.550684932,"No",63.2853507413145,0.460776720513388,87.2
"148",998,9,190,7727,154,210,8,8,7.5,"01:27.5",2018,10,"Dry",26.46438356,52.44794521,1.550684932,"No",61.419451206019,0.465921664084975,87.5
"149",998,9,191,7728,844,15,16,9,12,"01:27.8",2018,10,"Dry",26.46438356,52.44794521,1.550684932,"No",69.7266541270193,0.481854392564727,87.8
"150",998,9,192,7729,839,10,31,10,11,"01:27.8",2018,10,"Dry",26.46438356,52.44794521,1.550684932,"No",61.6985505642841,0.431788006196061,87.8
"151",1019,9,599,8138,822,131,77,1,1.5,"01:25.1",2019,10,"Dry",19,29.51139241,1.725316456,"No",67.970858262843,0.458066845471426,85.1
"152",1019,9,600,8139,1,131,44,2,1.5,"01:25.1",2019,10,"Dry",19,29.51139241,1.725316456,"No",80.0107282855374,0.613317515989272,85.1
"153",1019,9,601,8140,844,6,16,3,4.5,"01:25.2",2019,10,"Dry",19,29.51139241,1.725316456,"No",76.4877759438828,0.563905508561997,85.2
"154",1019,9,602,8141,830,9,33,4,4.5,"01:25.3",2019,10,"Dry",19,29.51139241,1.725316456,"No",37.8362389106664,0.190169176810398,85.3
"155",1019,9,603,8142,842,9,10,5,4.5,"01:25.6",2019,10,"Dry",19,29.51139241,1.725316456,"No",53.8832267381886,0.344594594594595,85.6
"156",1019,9,604,8143,20,6,5,6,4.5,"01:25.8",2019,10,"Dry",19,29.51139241,1.725316456,"No",65.9888075097999,0.453218485661234,85.8
"157",1019,9,605,8144,817,4,3,7,8.5,"01:26.2",2019,10,"Dry",19,29.51139241,1.725316456,"No",47.5645244481122,0.22127088920982,86.2
"158",1019,9,606,8145,846,1,4,8,10.5,"01:26.1",2019,10,"Dry",19,29.51139241,1.725316456,"No",56.7738291726841,0.346296678357747,86.1
"159",1019,9,607,8146,848,5,23,9,13,"01:26.3",2019,10,"Dry",19,29.51139241,1.725316456,"No",53.4408396946565,0.308283474314009,86.3
"160",1019,9,608,8147,807,4,27,10,8.5,"01:26.4",2019,10,"Dry",19,29.51139241,1.725316456,"No",45.2977099236641,0.234320198060656,86.4
"161",1034,9,899,8438,1,131,44,1,1.5,"01:24.3",2020,4,"Dry",22.49764706,38.93764706,3.967058824,"No",52.2560969789529,0.334940104042381,84.3
"162",1034,9,900,8439,822,131,77,2,1.5,"01:24.6",2020,4,"Dry",22.49764706,38.93764706,3.967058824,"No",71.5592039326111,0.568367298238916,84.6
"163",1034,9,901,8440,830,9,33,3,7.5,"01:25.3",2020,4,"Dry",22.49764706,38.93764706,3.967058824,"No",56.5774829380041,0.425619243067818,85.3
"164",1034,9,902,8441,844,6,16,4,7,"01:25.4",2020,4,"Dry",22.49764706,38.93764706,3.967058824,"No",72.2644967307784,0.566887796496922,85.4
"165",1034,9,903,8442,846,1,4,5,6,"01:25.8",2020,4,"Dry",22.49764706,38.93764706,3.967058824,"No",50.4286259724145,0.330501598816399,85.8
"166",1034,9,904,8443,840,211,18,6,9.5,"01:25.8",2020,4,"Dry",22.49764706,38.93764706,3.967058824,"No",53.3476829093686,0.361523409535627,85.8
"167",1034,9,905,8444,832,1,55,7,6,"01:26.0",2020,4,"Dry",22.49764706,38.93764706,3.967058824,"No",51.7373645778647,0.325967641865127,86
"168",1034,9,906,8445,817,4,3,8,8.5,"01:26.0",2020,4,"Dry",22.49764706,38.93764706,3.967058824,"No",36.5651696654417,0.162411110580824,86
"169",1034,9,907,8446,839,4,31,9,8.5,"01:26.2",2020,4,"Dry",22.49764706,38.93764706,3.967058824,"No",33.7680045816828,0.150813725958097,86.2
"170",1034,9,908,8447,20,6,5,10,7,"01:26.3",2020,4,"Dry",22.49764706,38.93764706,3.967058824,"No",63.6032071779697,0.449863981291462,86.3
"171",1035,9,919,8458,822,131,77,1,1.5,"01:25.2",2020,5,"Dry",26.20512821,41.7974359,3.602564103,"No",63.5182761295327,0.464029474500679,85.2
"172",1035,9,920,8459,1,131,44,2,1.5,"01:25.2",2020,5,"Dry",26.20512821,41.7974359,3.602564103,"No",45.0398487492728,0.280783401202249,85.2
"173",1035,9,921,8460,807,211,27,3,4.5,"01:26.1",2020,5,"Dry",26.20512821,41.7974359,3.602564103,"No",53.2386561954625,0.397275547799108,86.1
"174",1035,9,922,8461,830,9,33,4,6.5,"01:26.2",2020,5,"Dry",26.20512821,41.7974359,3.602564103,"No",50.0024723676556,0.391942990110529,86.2
"175",1035,9,923,8462,817,4,3,5,8,"01:26.3",2020,5,"Dry",26.20512821,41.7974359,3.602564103,"No",32.3736183827807,0.192020554586,86.3
"176",1035,9,924,8463,840,211,18,6,4.5,"01:26.4",2020,5,"Dry",26.20512821,41.7974359,3.602564103,"No",45.6412643009502,0.323249951522203,86.4
"177",1035,9,925,8464,842,213,10,7,11.5,"01:26.5",2020,5,"Dry",26.20512821,41.7974359,3.602564103,"No",45.7420981190615,0.294163273220865,86.5
"178",1035,9,926,8465,844,6,16,8,10,"01:26.6",2020,5,"Dry",26.20512821,41.7974359,3.602564103,"No",66.5674326158619,0.508144269924375,86.6
"179",1035,9,927,8466,848,9,23,9,6.5,"01:26.6",2020,5,"Dry",26.20512821,41.7974359,3.602564103,"No",43.9296587163079,0.325189063408959,86.6
"180",1035,9,928,8467,846,1,4,10,11.5,"01:26.8",2020,5,"Dry",26.20512821,41.7974359,3.602564103,"No",64.4227748691099,0.479299980608881,86.8
"181",1061,9,1357,8914,1,131,44,1,2,"01:26.0",2021,10,"Dry",24.9275,38.82,0.62,"No",67.5089747490113,0.470388398742521,86
"182",1061,9,1358,8915,830,9,33,2,3.5,"01:26.2",2021,10,"Dry",24.9275,38.82,0.62,"No",53.6010546597708,0.399705912179292,86.2
"183",1061,9,1359,8916,822,131,77,3,2,"01:26.3",2021,10,"Dry",24.9275,38.82,0.62,"No",65.6336071392354,0.461971402494676,86.3
"184",1061,9,1360,8917,844,6,16,4,6.5,"01:26.8",2021,10,"Dry",24.9275,38.82,0.62,"No",68.0409694757124,0.473836324916337,86.8
"185",1061,9,1361,8918,815,9,11,5,3.5,"01:26.8",2021,10,"Dry",24.9275,38.82,0.62,"No",48.6245816854274,0.34311935909137,86.8
"186",1061,9,1362,8919,846,1,4,6,6.5,"01:26.9",2021,10,"Dry",24.9275,38.82,0.62,"No",70.35716458777,0.514197343068654,86.9
"187",1061,9,1363,8920,817,1,3,7,6.5,"01:26.9",2021,10,"Dry",24.9275,38.82,0.62,"No",68.2905891897373,0.44802758340939,86.9
"188",1061,9,1364,8921,847,3,63,8,13,"01:27.0",2021,10,"Dry",24.9275,38.82,0.62,"No",72.8532096136294,0.55521752357773,87
"189",1061,9,1365,8922,832,6,55,9,6.5,"01:26.8",2021,10,"Dry",24.9275,38.82,0.62,"No",68.552530169354,0.47495183044316,86.8
"190",1061,9,1366,8923,20,117,5,10,12.5,"01:27.1",2021,10,"Dry",24.9275,38.82,0.62,"No",79.4399655207383,0.655105973025048,87.1
"191",999,10,203,7740,20,6,5,1,2,"01:11.2",2018,11,"Dry",23.11052632,37.88947368,1.192105263,"No",63.7306932806746,0.528793296685702,71.2
"192",999,10,204,7741,822,131,77,2,8,"01:11.4",2018,11,"Dry",23.11052632,37.88947368,1.192105263,"No",80.2452900677803,0.67641564818274,71.4
"193",999,10,205,7742,8,6,7,3,2,"01:11.5",2018,11,"Dry",23.11052632,37.88947368,1.192105263,"No",74.9035064311256,0.607514543416769,71.5
"194",999,10,206,7743,830,9,33,4,9.5,"01:11.8",2018,11,"Dry",23.11052632,37.88947368,1.192105263,"No",62.015797619683,0.492287986337194,71.8
"195",999,10,207,7744,825,210,20,5,5.5,"01:12.2",2018,11,"Dry",23.11052632,37.88947368,1.192105263,"No",72.781181619256,0.608635320488872,72.2
"196",999,10,208,7745,154,210,8,6,5.5,"01:12.5",2018,11,"Dry",23.11052632,37.88947368,1.192105263,"No",73.3558200352244,0.642685595346107,72.5
"197",999,10,209,7746,807,4,27,7,7.5,"01:12.6",2018,11,"Dry",23.11052632,37.88947368,1.192105263,"No",33.6718791695576,0.229012115066446,72.6
"198",999,10,210,7747,832,4,55,8,7.5,"01:12.7",2018,11,"Dry",23.11052632,37.88947368,1.192105263,"No",29.8538186475957,0.207663980359716,72.7
"199",999,10,211,7748,844,15,16,9,11,"01:12.7",2018,11,"Dry",23.11052632,37.88947368,1.192105263,"No",67.0215616160538,0.490633505897422,72.7
"200",999,10,212,7749,815,10,11,10,13,"01:12.8",2018,11,"Dry",23.11052632,37.88947368,1.192105263,"No",68.3798366867695,0.559000907295725,72.8
"201",1020,10,619,8158,1,131,44,1,2,"01:11.8",2019,11,"Dry",28.32307692,44.02564103,1.448717949,"No",46.391277290878,0.330913239641135,71.8
"202",1020,10,620,8159,830,9,33,2,3,"01:12.1",2019,11,"Dry",28.32307692,44.02564103,1.448717949,"No",44.9563864543899,0.353160815225847,72.1
"203",1020,10,621,8160,822,131,77,3,2,"01:12.1",2019,11,"Dry",28.32307692,44.02564103,1.448717949,"No",68.6642120002074,0.556448685370534,72.1
"204",1020,10,622,8161,842,9,10,4,3,"01:12.4",2019,11,"Dry",28.32307692,44.02564103,1.448717949,"No",36.7292433749935,0.28050614530934,72.4
"205",1020,10,623,8162,8,51,7,5,8,"01:12.5",2019,11,"Dry",28.32307692,44.02564103,1.448717949,"No",50.4252968936369,0.379401545402686,72.5
"206",1020,10,624,8163,154,210,8,6,9,"01:12.8",2019,11,"Dry",28.32307692,44.02564103,1.448717949,"No",60.7371778250272,0.50458953482342,72.8
"207",1020,10,625,8164,832,1,55,7,11.5,"01:12.6",2019,11,"Dry",28.32307692,44.02564103,1.448717949,"No",51.8112845511591,0.376653010423689,72.6
"208",1020,10,626,8165,815,211,11,8,11.5,"01:12.8",2019,11,"Dry",28.32307692,44.02564103,1.448717949,"No",73.6156199761448,0.638904734740445,72.8
"209",1020,10,627,8166,807,4,27,9,11,"01:12.8",2019,11,"Dry",28.32307692,44.02564103,1.448717949,"No",32.4586423274387,0.216926826738578,72.8
"210",1020,10,628,8167,844,6,16,10,15,"01:12.2",2019,11,"Dry",28.32307692,44.02564103,1.448717949,"No",82.2711714982109,0.734169994295493,72.2
"211",1021,11,639,8178,830,9,33,1,3.5,"01:14.6",2019,12,"Dry",23.93164557,42.86075949,1.765822785,"No",63.1631760407554,0.547831009108218,74.6
"212",1021,11,640,8179,822,131,77,2,2.5,"01:14.6",2019,12,"Dry",23.93164557,42.86075949,1.765822785,"No",71.2378943035043,0.607986414861318,74.6
"213",1021,11,641,8180,1,131,44,3,2.5,"01:14.8",2019,12,"Dry",23.93164557,42.86075949,1.765822785,"No",65.538362579118,0.526681418206144,74.8
"214",1021,11,642,8181,844,6,16,4,4.5,"01:15.0",2019,12,"Dry",23.93164557,42.86075949,1.765822785,"No",73.9542530746668,0.617454844851541,75
"215",1021,11,643,8182,20,6,5,5,4.5,"01:15.1",2019,12,"Dry",23.93164557,42.86075949,1.765822785,"No",59.8276642824062,0.488704780527968,75.1
"216",1021,11,644,8183,842,9,10,6,3.5,"01:15.5",2019,12,"Dry",23.93164557,42.86075949,1.765822785,"No",38.2449441671384,0.280450779601708,75.5
"217",1021,11,645,8184,846,1,4,7,7.5,"01:15.8",2019,12,"Dry",23.93164557,42.86075949,1.765822785,"No",47.8833942263161,0.375804044666289,75.8
"218",1021,11,646,8185,832,1,55,8,7.5,"01:15.9",2019,12,"Dry",23.93164557,42.86075949,1.765822785,"No",48.4940565018268,0.372973807440951,75.9
"219",1021,11,647,8186,154,210,8,9,12,"01:16.0",2019,12,"Dry",23.93164557,42.86075949,1.765822785,"No",64.5526681418206,0.55462357844903,76
"220",1021,11,648,8187,8,51,7,10,12,"01:16.0",2019,12,"Dry",23.93164557,42.86075949,1.765822785,"No",47.3310862965059,0.36088097565996,76
"221",1033,11,898,8437,1,131,44,1,1.5,"01:13.4",2020,3,"Dry",18.78311688,27.25454545,1.31038961,"No",67.7633744855967,0.542034097589653,73.4
"222",1033,11,879,8418,822,131,77,2,1.5,"01:13.6",2020,3,"Dry",18.78311688,27.25454545,1.31038961,"No",64.6131687242798,0.527826768567509,73.6
"223",1033,11,880,8419,840,211,18,3,3.5,"01:14.4",2020,3,"Dry",18.78311688,27.25454545,1.31038961,"No",44.5994023123653,0.3505291005291,74.4
"224",1033,11,881,8420,815,211,11,4,3.5,"01:14.5",2020,3,"Dry",18.78311688,27.25454545,1.31038961,"No",51.5255242014501,0.410934744268078,74.5
"225",1033,11,882,8421,20,6,5,5,5.5,"01:14.8",2020,3,"Dry",18.78311688,27.25454545,1.31038961,"No",63.52189888301,0.510533019792279,74.8
"226",1033,11,883,8422,844,6,16,6,5.5,"01:14.8",2020,3,"Dry",18.78311688,27.25454545,1.31038961,"No",61.7330491867529,0.49710954340584,74.8
"227",1033,11,884,8423,830,9,33,7,10,"01:14.8",2020,3,"Dry",18.78311688,27.25454545,1.31038961,"No",39.1675974916716,0.292817950225358,74.8
"228",1033,11,885,8424,846,1,4,8,8.5,"01:15.0",2020,3,"Dry",18.78311688,27.25454545,1.31038961,"No",50.7987948265726,0.397070350774055,75
"229",1033,11,886,8425,832,1,55,9,8.5,"01:15.0",2020,3,"Dry",18.78311688,27.25454545,1.31038961,"No",46.6150303742896,0.35533019792279,75
"230",1033,11,887,8426,842,213,10,10,13.5,"01:15.5",2020,3,"Dry",18.78311688,27.25454545,1.31038961,"No",56.0759357240839,0.463452870860278,75.5
"231",1062,11,1377,8934,1,131,44,1,1.5,"01:15.4",2021,11,"Dry",29.25517241,59.23908046,0.64137931,"No",72.0859831278391,0.624084546213034,75.4
"232",1062,11,1378,8935,822,131,77,2,1.5,"01:15.7",2021,11,"Dry",29.25517241,59.23908046,0.64137931,"No",70.6994066932419,0.608556595902475,75.7
"233",1062,11,1379,8936,830,9,33,3,3.5,"01:15.7",2021,11,"Dry",29.25517241,59.23908046,0.64137931,"No",46.05029201817,0.394919810883471,75.7
"234",1062,11,1380,8937,815,9,11,4,3.5,"01:16.4",2021,11,"Dry",29.25517241,59.23908046,0.64137931,"No",35.614211550941,0.285250764809493,76.4
"235",1062,11,1381,8938,842,213,10,5,10.5,"01:16.4",2021,11,"Dry",29.25517241,59.23908046,0.64137931,"No",80.7536849911931,0.698989524427552,76.4
"236",1062,11,1382,8939,846,1,4,6,8.5,"01:16.4",2021,11,"Dry",29.25517241,59.23908046,0.64137931,"No",71.8282655047743,0.630434782608696,76.4
"237",1062,11,1383,8940,844,6,16,7,11,"01:16.5",2021,11,"Dry",29.25517241,59.23908046,0.64137931,"No",69.5753221470288,0.584963381848521,76.5
"238",1062,11,1384,8941,839,214,31,8,8.5,"01:16.7",2021,11,"Dry",29.25517241,59.23908046,0.64137931,"No",44.6042458514879,0.38082877537777,76.7
"239",1062,11,1385,8942,4,214,14,9,8.5,"01:16.5",2021,11,"Dry",29.25517241,59.23908046,0.64137931,"No",25.4839158246037,0.195003244646334,76.5
"240",1062,11,1386,8943,20,117,5,10,11,"01:16.8",2021,11,"Dry",29.25517241,59.23908046,0.64137931,"No",79.0843144525818,0.720265133957541,76.8
"241",1022,13,659,8198,844,6,16,1,1.5,"01:42.5",2019,13,"Dry",29.23804348,41.25434783,2.801086957,"No",77.4786748748837,0.601133796890916,102.5
"242",1022,13,660,8199,20,6,5,2,1.5,"01:43.0",2019,13,"Dry",29.23804348,41.25434783,2.801086957,"No",74.6820939811329,0.587271358341822,103
"243",1022,13,661,8200,1,131,44,3,3.5,"01:43.3",2019,13,"Dry",29.23804348,41.25434783,2.801086957,"No",42.3443465166748,0.253598476460428,103.3
"244",1022,13,662,8201,822,131,77,4,3.5,"01:43.4",2019,13,"Dry",29.23804348,41.25434783,2.801086957,"No",64.8022055892644,0.478231985473227,103.4
"245",1022,13,663,8202,830,9,33,5,9.5,"01:43.7",2019,13,"Dry",29.23804348,41.25434783,2.801086957,"No",58.557243456309,0.45365162318969,103.7
"246",1022,13,664,8203,817,4,3,6,6.5,"01:44.1",2019,13,"Dry",29.23804348,41.25434783,2.801086957,"No",27.4972319411843,0.164887727534435,104.1
"247",1022,13,665,8204,807,4,27,7,6.5,"01:44.5",2019,13,"Dry",29.23804348,41.25434783,2.801086957,"No",33.2953186589309,0.222906240311794,104.5
"248",1022,13,666,8205,8,51,7,8,11.5,"01:44.1",2019,13,"Dry",29.23804348,41.25434783,2.801086957,"No",52.7523805305815,0.35444439523451,104.1
"249",1022,13,667,8206,815,211,11,9,11,"01:44.7",2019,13,"Dry",29.23804348,41.25434783,2.801086957,"No",47.8162008946366,0.343947916205324,104.7
"250",1022,13,668,8207,825,210,20,10,10.5,"01:44.7",2019,13,"Dry",29.23804348,41.25434783,2.801086957,"No",58.0569998671332,0.418973382346428,104.7
"251",1037,13,959,8498,1,131,44,1,1.5,"01:41.3",2020,7,"Dry",16.44936709,24.57974684,1.178481013,"No",53.2063977884188,0.356963025127117,101.3
"252",1037,13,960,8499,822,131,77,2,1.5,"01:41.8",2020,7,"Dry",16.44936709,24.57974684,1.178481013,"No",46.7099767981438,0.292688947030656,101.8
"253",1037,13,961,8500,830,9,33,3,4,"01:41.8",2020,7,"Dry",16.44936709,24.57974684,1.178481013,"No",56.7670434911389,0.377499136101101,101.8
"254",1037,13,962,8501,817,4,3,4,5,"01:42.1",2020,7,"Dry",16.44936709,24.57974684,1.178481013,"No",43.4316038900133,0.298711556498988,102.1
"255",1037,13,963,8502,848,9,23,5,4,"01:42.2",2020,7,"Dry",16.44936709,24.57974684,1.178481013,"No",59.105938687861,0.44848694278521,102.2
"256",1037,13,964,8503,839,4,31,6,5,"01:42.4",2020,7,"Dry",16.44936709,24.57974684,1.178481013,"No",32.2393246778891,0.163647134323937,102.4
"257",1037,13,965,8504,832,1,55,7,8.5,"01:42.4",2020,7,"Dry",16.44936709,24.57974684,1.178481013,"No",65.6425926840105,0.488719948659723,102.4
"258",1037,13,966,8505,815,211,11,8,8.5,"01:42.5",2020,7,"Dry",16.44936709,24.57974684,1.178481013,"No",55.4810682726959,0.416843560250778,102.5
"259",1037,13,967,8506,840,211,18,9,8.5,"01:42.5",2020,7,"Dry",16.44936709,24.57974684,1.178481013,"No",54.2664264204966,0.40998173470899,102.5
"260",1037,13,968,8507,846,1,4,10,8.5,"01:42.7",2020,7,"Dry",16.44936709,24.57974684,1.178481013,"No",51.5057017327344,0.343584933603199,102.7
"261",1023,14,679,8218,844,6,16,1,2.5,"01:19.3",2019,14,"Dry",22.98421053,37.29578947,1.404210526,"No",77.8051678693341,0.627878840254072,79.3
"262",1023,14,680,8219,1,131,44,2,2.5,"01:19.3",2019,14,"Dry",22.98421053,37.29578947,1.404210526,"No",59.3843062697144,0.472410664131703,79.3
"263",1023,14,681,8220,822,131,77,3,2.5,"01:19.4",2019,14,"Dry",22.98421053,37.29578947,1.404210526,"No",76.4255714470898,0.630730674502009,79.4
"264",1023,14,682,8221,20,6,5,4,2.5,"01:19.5",2019,14,"Dry",22.98421053,37.29578947,1.404210526,"No",75.1760791600052,0.609039450373763,79.5
"265",1023,14,683,8222,817,4,3,5,5.5,"01:19.8",2019,14,"Dry",22.98421053,37.29578947,1.404210526,"No",34.9909691915482,0.237091129067105,79.8
"266",1023,14,684,8223,807,4,27,6,5.5,"01:20.0",2019,14,"Dry",22.98421053,37.29578947,1.404210526,"No",32.3837013351769,0.215918420256665,80
"267",1023,14,685,8224,832,1,55,7,10.5,"01:20.2",2019,14,"Dry",22.98421053,37.29578947,1.404210526,"No",57.55083610595,0.4204727131314,80.2
"268",1023,14,686,8225,848,9,23,8,14,"01:20.0",2019,14,"Dry",22.98421053,37.29578947,1.404210526,"No",47.8837229399819,0.36196690143888,80
"269",1023,14,687,8226,840,211,18,9,13,"01:20.5",2019,14,"Dry",22.98421053,37.29578947,1.404210526,"No",61.3398435812125,0.475608175258178,80.5
"270",1023,14,688,8227,8,51,7,10,10.5,"01:20.5",2019,14,"Dry",22.98421053,37.29578947,1.404210526,"No",65.1504990709934,0.511256103357387,80.5
"271",1038,14,979,8518,1,131,44,1,1.5,"01:18.9",2020,8,"Dry",29.16710526,45.32236842,1.414473684,"No",50.6362038664323,0.345529104755818,78.9
"272",1038,14,980,8519,822,131,77,2,1.5,"01:19.0",2020,8,"Dry",29.16710526,45.32236842,1.414473684,"No",70.6247536880226,0.53773233210843,79
"273",1038,14,981,8520,832,1,55,3,4.5,"01:19.7",2020,8,"Dry",29.16710526,45.32236842,1.414473684,"No",50.8544495925867,0.362837513979869,79.7
"274",1038,14,982,8521,815,211,11,4,6,"01:19.7",2020,8,"Dry",29.16710526,45.32236842,1.414473684,"No",48.8629706555893,0.360281195079086,79.7
"275",1038,14,983,8522,830,9,33,5,7,"01:19.8",2020,8,"Dry",29.16710526,45.32236842,1.414473684,"No",51.9701762794909,0.367896895137668,79.8
"276",1038,14,984,8523,846,1,4,6,4.5,"01:19.8",2020,8,"Dry",29.16710526,45.32236842,1.414473684,"No",46.8321883154924,0.306119188368749,79.8
"277",1038,14,985,8524,817,4,3,7,9.5,"01:19.9",2020,8,"Dry",29.16710526,45.32236842,1.414473684,"No",34.7811684507642,0.183362624487405,79.9
"278",1038,14,986,8525,840,211,18,8,6,"01:19.9",2020,8,"Dry",29.16710526,45.32236842,1.414473684,"No",44.9184640783938,0.302977046386537,79.9
"279",1038,14,987,8526,848,9,23,9,7,"01:20.1",2020,8,"Dry",29.16710526,45.32236842,1.414473684,"No",40.1063535176013,0.271129573414283,80.1
"280",1038,14,988,8527,842,213,10,10,10.5,"01:19.9",2020,8,"Dry",29.16710526,45.32236842,1.414473684,"No",49.1026788091814,0.284976300793524,79.9
"281",1065,14,1437,8994,822,131,77,1,1.5,"01:19.6",2021,14,"Dry",25.41794872,32,0.207692308,"No",75.2865722205112,0.570423981110769,79.6
"282",1065,14,1438,8995,1,131,44,2,1.5,"01:19.7",2021,14,"Dry",25.41794872,32,0.207692308,"No",75.8413920542039,0.579868596653321,79.7
"283",1065,14,1439,8996,830,9,33,3,6,"01:20.0",2021,14,"Dry",25.41794872,32,0.207692308,"No",45.4193101324299,0.302381685658557,80
"284",1065,14,1440,8997,846,1,4,4,4.5,"01:20.0",2021,14,"Dry",25.41794872,32,0.207692308,"No",65.3039215686274,0.474951237039318,80
"285",1065,14,1441,8998,817,1,3,5,4.5,"01:20.0",2021,14,"Dry",25.41794872,32,0.207692308,"No",72.2689148958013,0.555641104609383,80
"286",1065,14,1442,8999,842,213,10,6,11.5,"01:20.3",2021,14,"Dry",25.41794872,32,0.207692308,"No",56.6534236731342,0.407863669027821,80.3
"287",1065,14,1443,9000,832,6,55,7,7.5,"01:20.5",2021,14,"Dry",25.41794872,32,0.207692308,"No",72.8694692536701,0.554819833692639,80.5
"288",1065,14,1444,9001,844,6,16,8,7.5,"01:20.5",2021,14,"Dry",25.41794872,32,0.207692308,"No",69.7696335078534,0.509598603839442,80.5
"289",1065,14,1445,9002,815,9,11,9,6,"01:20.6",2021,14,"Dry",25.41794872,32,0.207692308,"No",41.3378503233754,0.248485781747254,80.6
"290",1065,14,1446,9003,841,51,99,10,14.5,"01:20.7",2021,14,"Dry",25.41794872,32,0.207692308,"No",55.418796838107,0.415563083872292,80.7
"291",1003,15,283,7820,1,131,44,1,2.5,"01:36.0",2018,15,"Dry",29.53670886,33.27594937,1.315189873,"No",66.865172518466,0.579378731154508,96
"292",1003,15,284,7821,830,9,33,2,4,"01:36.3",2018,15,"Dry",29.53670886,33.27594937,1.315189873,"No",54.7364160679955,0.476424162703633,96.3
"293",1003,15,285,7822,20,6,5,3,4,"01:36.6",2018,15,"Dry",29.53670886,33.27594937,1.315189873,"No",51.4475361732268,0.435596478801983,96.6
"294",1003,15,286,7823,822,131,77,4,2.5,"01:36.7",2018,15,"Dry",29.53670886,33.27594937,1.315189873,"No",58.5524132348477,0.498229282606496,96.7
"295",1003,15,287,7824,8,6,7,5,4,"01:36.8",2018,15,"Dry",29.53670886,33.27594937,1.315189873,"No",61.5594961044217,0.50885358696752,96.8
"296",1003,15,288,7825,817,9,3,6,4,"01:37.0",2018,15,"Dry",29.53670886,33.27594937,1.315189873,"No",60.9018010725488,0.519477891328544,97
"297",1003,15,289,7826,815,10,11,7,8,"01:38.0",2018,15,"Dry",29.53670886,33.27594937,1.315189873,"No",45.871192957604,0.373064858848528,98
"298",1003,15,290,7827,154,210,8,8,12,"01:38.3",2018,15,"Dry",29.53670886,33.27594937,1.315189873,"No",64.0685014671658,0.601942729940302,98.3
"299",1003,15,291,7828,839,10,31,9,8,"01:38.4",2018,15,"Dry",29.53670886,33.27594937,1.315189873,"No",42.5229181422645,0.358544976221795,98.4
"300",1003,15,292,7829,807,4,27,10,11,"01:38.5",2018,15,"Dry",29.53670886,33.27594937,1.315189873,"No",25.5822624709096,0.175402205807953,98.5
"301",1024,15,699,8238,844,6,16,1,2,"01:36.2",2019,15,"Dry",30.01392405,34.55063291,1.188607595,"No",65.040518134715,0.539274611398964,96.2
"302",1024,15,700,8239,1,131,44,2,3.5,"01:36.4",2019,15,"Dry",30.01392405,34.55063291,1.188607595,"No",46.9525906735751,0.368031088082902,96.4
"303",1024,15,701,8240,20,6,5,3,2,"01:36.4",2019,15,"Dry",30.01392405,34.55063291,1.188607595,"No",63.1834715025907,0.519533678756477,96.4
"304",1024,15,702,8241,830,9,33,4,5,"01:36.8",2019,15,"Dry",30.01392405,34.55063291,1.188607595,"No",52.3939378238342,0.441450777202072,96.8
"305",1024,15,703,8242,822,131,77,5,3.5,"01:37.1",2019,15,"Dry",30.01392405,34.55063291,1.188607595,"No",64.7217098445596,0.543626943005181,97.1
"306",1024,15,704,8243,848,9,23,6,5,"01:37.4",2019,15,"Dry",30.01392405,34.55063291,1.188607595,"No",42.7903626943005,0.339533678756477,97.4
"307",1024,15,705,8244,832,1,55,7,8,"01:37.8",2019,15,"Dry",30.01392405,34.55063291,1.188607595,"No",41.4849222797927,0.313471502590674,97.8
"308",1024,15,706,8245,807,4,27,8,14,"01:38.3",2019,15,"Dry",30.01392405,34.55063291,1.188607595,"No",26.9115544041451,0.169170984455959,98.3
"309",1024,15,707,8246,846,1,4,9,8,"01:37.6",2019,15,"Dry",30.01392405,34.55063291,1.188607595,"No",39.3264766839378,0.297512953367876,97.6
"310",1024,15,708,8247,815,211,11,10,13,"01:38.5",2019,15,"Dry",30.01392405,34.55063291,1.188607595,"No",74.3720725388601,0.673212435233161,98.5
"311",991,17,43,7580,20,6,5,1,1.5,"01:31.1",2018,3,"Dry",12.80294118,15.54117647,1.848529412,"No",65.9386680861131,0.51449018216229,91.1
"312",991,17,44,7581,8,6,7,2,1.5,"01:31.2",2018,3,"Dry",12.80294118,15.54117647,1.848529412,"No",57.2856635911994,0.395197539626212,91.2
"313",991,17,45,7582,822,131,77,3,3.5,"01:31.6",2018,3,"Dry",12.80294118,15.54117647,1.848529412,"No",73.2951265673054,0.518985095812633,91.6
"314",991,17,46,7583,1,131,44,4,3.5,"01:31.7",2018,3,"Dry",12.80294118,15.54117647,1.848529412,"No",65.3261178140525,0.470723917672108,91.7
"315",991,17,47,7584,830,9,33,5,5.5,"01:31.8",2018,3,"Dry",12.80294118,15.54117647,1.848529412,"No",68.3599479536314,0.553406671398155,91.8
"316",991,17,48,7585,817,9,3,6,5.5,"01:31.9",2018,3,"Dry",12.80294118,15.54117647,1.848529412,"No",50.2469836763662,0.373905843387746,91.9
"317",991,17,49,7586,807,4,27,7,8,"01:32.5",2018,3,"Dry",12.80294118,15.54117647,1.848529412,"No",39.3375325289804,0.250887154009936,92.5
"318",991,17,50,7587,815,10,11,8,10,"01:32.8",2018,3,"Dry",12.80294118,15.54117647,1.848529412,"No",66.1966524722025,0.511887863733144,92.8
"319",991,17,51,7588,832,4,55,9,8,"01:32.8",2018,3,"Dry",12.80294118,15.54117647,1.848529412,"No",36.7479891175775,0.205583155902531,92.8
"320",991,17,52,7589,154,210,8,10,10.5,"01:32.5",2018,3,"Dry",12.80294118,15.54117647,1.848529412,"No",64.4860421102437,0.489649869884079,92.5
"321",1012,17,463,8000,822,131,77,1,1.5,"01:31.5",2019,3,"Dry",20.57088608,33.96455696,1.243037975,"No",67.9977433582932,0.555749307621294,91.5
"322",1012,17,464,8001,1,131,44,2,1.5,"01:31.6",2019,3,"Dry",20.57088608,33.96455696,1.243037975,"No",76.3634218894246,0.617704379936404,91.6
"323",1012,17,465,8002,20,6,5,3,3.5,"01:31.8",2019,3,"Dry",20.57088608,33.96455696,1.243037975,"No",56.7680787773105,0.4351215509283,91.8
"324",1012,17,466,8003,844,6,16,4,3.5,"01:31.9",2019,3,"Dry",20.57088608,33.96455696,1.243037975,"No",71.1101651451431,0.557903374705098,91.9
"325",1012,17,467,8004,830,9,33,5,5.5,"01:32.1",2019,3,"Dry",20.57088608,33.96455696,1.243037975,"No",59.5875987280747,0.498051082162273,92.1
"326",1012,17,468,8005,842,9,10,6,5.5,"01:32.9",2019,3,"Dry",20.57088608,33.96455696,1.243037975,"No",56.1158067494102,0.449789722022772,92.9
"327",1012,17,469,8006,817,4,3,7,7.5,"01:33.0",2019,3,"Dry",20.57088608,33.96455696,1.243037975,"No",44.5256436557596,0.266950456457072,93
"328",1012,17,470,8007,807,4,27,8,7.5,"01:33.0",2019,3,"Dry",20.57088608,33.96455696,1.243037975,"No",37.713201353985,0.25058980408247,93
"329",1012,17,471,8008,825,210,20,9,9.5,"01:33.1",2019,3,"Dry",20.57088608,33.96455696,1.243037975,"No",62.6162170479023,0.498307518719869,93.1
"330",1012,17,472,8009,154,210,8,10,9.5,"01:33.2",2019,3,"Dry",20.57088608,33.96455696,1.243037975,"No",60.3540875987281,0.512052518206996,93.2
"331",1029,18,799,8338,830,9,33,1,3.5,"01:07.5",2019,20,"Dry",20.68205128,33.88974359,1.38974359,"No",69.6885450202513,0.611693841520407,67.5
"332",1029,18,800,8339,20,6,5,2,3,"01:07.6",2019,20,"Dry",20.68205128,33.88974359,1.38974359,"No",70.3928756880258,0.598348738186728,67.6
"333",1029,18,801,8340,1,131,44,3,4,"01:07.7",2019,20,"Dry",20.68205128,33.88974359,1.38974359,"No",77.9772042787413,0.654688960432028,67.7
"334",1029,18,802,8341,844,6,16,4,3,"01:07.7",2019,20,"Dry",20.68205128,33.88974359,1.38974359,"No",70.1583757399522,0.548343545539516,67.7
"335",1029,18,803,8342,822,131,77,5,4,"01:07.9",2019,20,"Dry",20.68205128,33.88974359,1.38974359,"No",69.8761034375324,0.58739225257036,67.9
"336",1029,18,804,8343,848,9,23,6,3.5,"01:07.9",2019,20,"Dry",20.68205128,33.88974359,1.38974359,"No",69.9153598504518,0.59912763526846,67.9
"337",1029,18,805,8344,842,5,10,7,11.5,"01:08.8",2019,20,"Dry",20.68205128,33.88974359,1.38974359,"No",53.1763422993042,0.374597569841105,68.8
"338",1029,18,806,8345,154,210,8,8,9,"01:08.7",2019,20,"Dry",20.68205128,33.88974359,1.38974359,"No",69.7785855228996,0.611122650327137,68.7
"339",1029,18,807,8346,8,51,7,9,11,"01:08.9",2019,20,"Dry",20.68205128,33.88974359,1.38974359,"No",55.789126596739,0.423200747741198,68.9
"340",1029,18,808,8347,825,210,20,10,9,"01:08.8",2019,20,"Dry",20.68205128,33.88974359,1.38974359,"No",73.6706303873715,0.627946827292554,68.8
"341",1071,18,1537,9096,1,131,44,1,2,"01:07.9",2021,19,"Dry",15.7025641,24.98846154,0.464102564,"No",67.3199504592837,0.513262462586438,67.9
"342",1071,18,1538,9097,830,9,33,2,3,"01:08.4",2021,19,"Dry",15.7025641,24.98846154,0.464102564,"No",42.6405717824337,0.329290948498297,68.4
"343",1071,18,1539,9098,822,131,77,3,2,"01:08.4",2021,19,"Dry",15.7025641,24.98846154,0.464102564,"No",50.8900815357622,0.362576117246362,68.4
"344",1071,18,1540,9099,815,9,11,4,3,"01:08.5",2021,19,"Dry",15.7025641,24.98846154,0.464102564,"No",34.7525028382702,0.230931984724946,68.5
"345",1071,18,1541,9100,842,213,10,5,9,"01:08.8",2021,19,"Dry",15.7025641,24.98846154,0.464102564,"No",57.4082980699763,0.447259779130973,68.8
"346",1071,18,1542,9101,832,6,55,6,6.5,"01:08.8",2021,19,"Dry",15.7025641,24.98846154,0.464102564,"No",72.5726597172051,0.594230570750335,68.8
"347",1071,18,1543,9102,844,6,16,7,6.5,"01:08.9",2021,19,"Dry",15.7025641,24.98846154,0.464102564,"No",69.9792548250593,0.555372071421199,68.9
"348",1071,18,1544,9103,846,1,4,8,8.5,"01:09.0",2021,19,"Dry",15.7025641,24.98846154,0.464102564,"No",62.2118381669935,0.485086180204355,69
"349",1071,18,1545,9104,817,1,3,9,8.5,"01:09.0",2021,19,"Dry",15.7025641,24.98846154,0.464102564,"No",44.8722778408505,0.294870471668903,69
"350",1071,18,1546,9105,4,214,14,10,10.5,"01:09.1",2021,19,"Dry",15.7025641,24.98846154,0.464102564,"No",45.9040148622149,0.3431210651254,69.1
"351",1041,20,1039,8578,822,131,77,1,1.5,"01:25.3",2020,11,"Dry",9.396,18.16533333,2.654666667,"No",58.0534676481984,0.413461006254497,85.3
"352",1041,20,1040,8579,1,131,44,2,1.5,"01:25.4",2020,11,"Dry",9.396,18.16533333,2.654666667,"No",58.9176952454752,0.444124647146732,85.4
"353",1041,20,1041,8580,830,9,33,3,4,"01:25.5",2020,11,"Dry",9.396,18.16533333,2.654666667,"No",53.3991254773897,0.41622848286932,85.5
"354",1041,20,1042,8581,844,6,16,4,7.5,"01:26.0",2020,11,"Dry",9.396,18.16533333,2.654666667,"No",61.4181103669674,0.458294127414623,86
"355",1041,20,1043,8582,848,9,23,5,4,"01:26.0",2020,11,"Dry",9.396,18.16533333,2.654666667,"No",44.1808269220125,0.347539713289423,86
"356",1041,20,1044,8583,817,4,3,6,6.5,"01:26.1",2020,11,"Dry",9.396,18.16533333,2.654666667,"No",33.1985387723474,0.146565561521005,86.1
"357",1041,20,1045,8584,839,4,31,7,6.5,"01:26.2",2020,11,"Dry",9.396,18.16533333,2.654666667,"No",36.9381745724249,0.197210383572259,86.2
"358",1041,20,1046,8585,846,1,4,8,9,"01:26.3",2020,11,"Dry",9.396,18.16533333,2.654666667,"No",56.5246028671058,0.405047877345436,86.3
"359",1041,20,1047,8586,815,211,11,9,14.5,"01:26.3",2020,11,"Dry",9.396,18.16533333,2.654666667,"No",53.9224553052527,0.40421763436099,86.3
"360",1041,20,1048,8587,832,1,55,10,9,"01:26.4",2020,11,"Dry",9.396,18.16533333,2.654666667,"No",51.2673382409919,0.340344274090884,86.4
"361",1043,21,1079,8635,822,131,33,1,1.5,"01:13.6",2020,13,"Dry",19.25194805,25.1987013,1.402597403,"No",58.1874112636062,0.444234106325919,73.6
"362",1043,21,1080,8636,1,131,44,2,1.5,"01:13.7",2020,13,"Dry",19.25194805,25.1987013,1.402597403,"No",53.0468528159016,0.354419729715518,73.7
"363",1043,21,1081,8637,830,9,33,3,4.5,"01:14.2",2020,13,"Dry",19.25194805,25.1987013,1.402597403,"No",58.1874112636062,0.444234106325919,74.2
"364",1043,21,1082,8638,842,213,10,4,6,"01:14.5",2020,13,"Dry",19.25194805,25.1987013,1.402597403,"No",58.0643634642688,0.414944523321239,74.5
"365",1043,21,1083,8639,817,4,3,5,8.5,"01:14.5",2020,13,"Dry",19.25194805,25.1987013,1.402597403,"No",58.9391071146869,0.404953462691276,74.5
"366",1043,21,1084,8640,848,9,23,6,4.5,"01:14.6",2020,13,"Dry",19.25194805,25.1987013,1.402597403,"No",48.494294578535,0.363201346163959,74.6
"367",1043,21,1085,8641,844,6,16,7,10.5,"01:14.6",2020,13,"Dry",19.25194805,25.1987013,1.402597403,"No",70.2653941210496,0.527265078613872,74.6
"368",1043,21,1086,8642,826,213,26,8,6,"01:14.7",2020,13,"Dry",19.25194805,25.1987013,1.402597403,"No",58.4002734395541,0.39937950255035,74.7
"369",1043,21,1087,8643,846,1,4,9,9.5,"01:14.8",2020,13,"Dry",19.25194805,25.1987013,1.402597403,"No",54.8177946048273,0.394541725824263,74.8
"370",1043,21,1088,8644,832,1,55,10,9.5,"01:14.9",2020,13,"Dry",19.25194805,25.1987013,1.402597403,"No",74.3484250933375,0.576904874585897,74.9
"371",1053,21,1199,8755,1,131,44,1,4.5,"01:14.4",2021,2,"Dry",13.68522727,26.88977273,0.435227273,"No",78.9723493865592,0.61554660318623,74.4
"372",1053,21,1200,8756,815,9,11,2,2.5,"01:14.4",2021,2,"Dry",13.68522727,26.88977273,0.435227273,"No",48.7934902032595,0.356299212598425,74.4
"373",1053,21,1201,8757,830,9,33,3,2.5,"01:14.5",2021,2,"Dry",13.68522727,26.88977273,0.435227273,"No",54.8988280534701,0.40239882805347,74.5
"374",1053,21,1202,8758,844,6,16,4,7.5,"01:14.7",2021,2,"Dry",13.68522727,26.88977273,0.435227273,"No",69.6489196117927,0.553515839589819,74.7
"375",1053,21,1203,8759,842,213,10,5,12.5,"01:14.8",2021,2,"Dry",13.68522727,26.88977273,0.435227273,"No",56.6560153817982,0.398416041018129,74.8
"376",1053,21,1204,8760,817,1,3,6,6.5,"01:14.8",2021,2,"Dry",13.68522727,26.88977273,0.435227273,"No",68.1613715436733,0.485854239150339,74.8
"377",1053,21,1205,8761,846,1,4,7,6.5,"01:14.7",2021,2,"Dry",13.68522727,26.88977273,0.435227273,"No",69.8562534334371,0.568806079472624,74.7
"378",1053,21,1206,8762,822,131,77,8,4.5,"01:14.7",2021,2,"Dry",13.68522727,26.88977273,0.435227273,"No",74.9006592199231,0.571323933345541,74.7
"379",1053,21,1207,8763,839,214,31,9,12,"01:15.1",2021,2,"Dry",13.68522727,26.88977273,0.435227273,"No",28.4023072697308,0.138069950558506,75.1
"380",1053,21,1208,8764,840,117,18,10,11.5,"01:15.1",2021,2,"Dry",13.68522727,26.88977273,0.435227273,"No",56.082631386193,0.447994872733932,75.1
"381",1026,22,739,8278,20,6,5,1,1.5,"01:27.1",2019,17,"Dry",22.071875,35.74895833,5.720833333,"No",75.107837310011,0.614248110724293,87.1
"382",1026,22,740,8279,844,6,16,2,1.5,"01:27.3",2019,17,"Dry",22.071875,35.74895833,5.720833333,"No",72.4076589963488,0.578203277574934,87.3
"383",1026,22,741,8280,822,131,77,3,3.5,"01:27.3",2019,17,"Dry",22.071875,35.74895833,5.720833333,"No",70.7008151481702,0.5328182049758,87.3
"384",1026,22,742,8281,1,131,44,4,3.5,"01:27.3",2019,17,"Dry",22.071875,35.74895833,5.720833333,"No",45.2537997792307,0.302708669440435,87.3
"385",1026,22,743,8282,830,9,33,5,5.5,"01:27.9",2019,17,"Dry",22.071875,35.74895833,5.720833333,"No",46.4812346098327,0.34682007302369,87.9
"386",1026,22,744,8283,848,9,23,6,5.5,"01:27.9",2019,17,"Dry",22.071875,35.74895833,5.720833333,"No",55.2957884011208,0.414366986499108,87.9
"387",1026,22,745,8284,832,1,55,7,7.5,"01:28.3",2019,17,"Dry",22.071875,35.74895833,5.720833333,"No",55.0417763437208,0.388086949138151,88.3
"388",1026,22,746,8285,846,1,4,8,7.5,"01:28.5",2019,17,"Dry",22.071875,35.74895833,5.720833333,"No",54.6555149868388,0.372378364608984,88.5
"389",1026,22,747,8286,842,5,10,9,11.5,"01:28.8",2019,17,"Dry",22.071875,35.74895833,5.720833333,"No",54.8811242251847,0.378619342786788,88.8
"390",1026,22,748,8287,154,210,8,10,14.5,"01:29.1",2019,17,"Dry",22.071875,35.74895833,5.720833333,"No",74.4691772098157,0.623927995244969,89.1
"391",1009,24,403,7940,1,131,44,1,1.5,"01:34.8",2018,21,"Dry",28.65128205,31.77435897,1.712820513,"No",65.7759843733936,0.463452246324663,94.8
"392",1009,24,404,7941,822,131,77,2,1.5,"01:35.0",2018,21,"Dry",28.65128205,31.77435897,1.712820513,"No",63.6200267297214,0.518556595044721,95
"393",1009,24,405,7942,20,6,5,3,3.5,"01:35.1",2018,21,"Dry",28.65128205,31.77435897,1.712820513,"No",46.0785442582502,0.346766731777526,95.1
"394",1009,24,406,7943,8,6,7,4,3.5,"01:35.4",2018,21,"Dry",28.65128205,31.77435897,1.712820513,"No",63.6817621054796,0.492495116685515,95.4
"395",1009,24,407,7944,817,9,3,5,5.5,"01:35.4",2018,21,"Dry",28.65128205,31.77435897,1.712820513,"No",34.0027757787602,0.207720777218053,95.4
"396",1009,24,408,7945,830,9,33,6,5.5,"01:35.6",2018,21,"Dry",28.65128205,31.77435897,1.712820513,"No",43.4138994551249,0.335303793564306,95.6
"397",1009,24,409,7946,154,210,8,7,10,"01:36.2",2018,21,"Dry",28.65128205,31.77435897,1.712820513,"No",66.9441760049347,0.595096124190398,96.2
"398",1009,24,410,7947,844,15,16,8,10,"01:36.2",2018,21,"Dry",28.65128205,31.77435897,1.712820513,"No",46.9130770021589,0.315924745553614,96.2
"399",1009,24,411,7948,839,10,31,9,11.5,"01:36.5",2018,21,"Dry",28.65128205,31.77435897,1.712820513,"No",68.0140845070423,0.56965148555567,96.5
"400",1009,24,412,7949,807,4,27,10,10.5,"01:36.5",2018,21,"Dry",28.65128205,31.77435897,1.712820513,"No",27.0995682121929,0.175336691682944,96.5
"401",1030,24,819,8358,1,131,44,1,1.5,"01:34.8",2019,21,"Dry",25.94683544,30.37721519,1.535443038,"No",49.7286636136553,0.355276852622814,94.8
"402",1030,24,820,8359,822,131,77,2,1.5,"01:35.0",2019,21,"Dry",25.94683544,30.37721519,1.535443038,"No",70.1901019983347,0.578320149875104,95
"403",1030,24,821,8360,830,9,33,3,4.5,"01:35.1",2019,21,"Dry",25.94683544,30.37721519,1.535443038,"No",57.8108347210658,0.461542464612823,95.1
"404",1030,24,822,8361,844,6,16,4,4.5,"01:35.2",2019,21,"Dry",25.94683544,30.37721519,1.535443038,"No",70.7594712739384,0.565830557868443,95.2
"405",1030,24,823,8362,20,6,5,5,4.5,"01:35.3",2019,21,"Dry",25.94683544,30.37721519,1.535443038,"No",70.6018942547877,0.565882597835137,95.3
"406",1030,24,824,8363,848,9,23,6,4.5,"01:35.7",2019,21,"Dry",25.94683544,30.37721519,1.535443038,"No",45.6973875936719,0.305006244796003,95.7
"407",1030,24,825,8364,846,1,4,7,8,"01:36.4",2019,21,"Dry",25.94683544,30.37721519,1.535443038,"No",45.8934741881765,0.32686303080766,96.4
"408",1030,24,826,8365,817,4,3,8,9,"01:36.5",2019,21,"Dry",25.94683544,30.37721519,1.535443038,"No",30.7364696086595,0.160283097418818,96.5
"409",1030,24,827,8366,832,1,55,9,8,"01:36.3",2019,21,"Dry",25.94683544,30.37721519,1.535443038,"No",45.2553601165695,0.325145711906744,96.3
"410",1030,24,828,8367,807,4,27,10,9,"01:36.7",2019,21,"Dry",25.94683544,30.37721519,1.535443038,"No",47.2470337218984,0.319837635303913,96.7
"411",1047,24,1159,8715,830,9,33,1,3,"01:35.2",2020,17,"Dry",23.39240506,28.8164557,1.692405063,"No",40.407958908374,0.261077098682163,95.2
"412",1047,24,1160,8716,822,131,77,2,2.5,"01:35.3",2020,17,"Dry",23.39240506,28.8164557,1.692405063,"No",66.5552039016291,0.523814465082495,95.3
"413",1047,24,1161,8717,1,131,44,3,2.5,"01:35.3",2020,17,"Dry",23.39240506,28.8164557,1.692405063,"No",71.1998028432085,0.549444847981737,95.3
"414",1047,24,1162,8718,846,1,4,4,5,"01:35.5",2020,17,"Dry",23.39240506,28.8164557,1.692405063,"No",43.0480958804607,0.314101898931203,95.5
"415",1047,24,1163,8719,848,9,23,5,3,"01:35.6",2020,17,"Dry",23.39240506,28.8164557,1.692405063,"No",49.4733319497769,0.400799003839369,95.6
"416",1047,24,1164,8720,832,1,55,6,5,"01:35.8",2020,17,"Dry",23.39240506,28.8164557,1.692405063,"No",48.9417349797655,0.383885026460517,95.8
"417",1047,24,1165,8721,826,213,26,7,8.5,"01:36.0",2020,17,"Dry",23.39240506,28.8164557,1.692405063,"No",45.4234201514994,0.275708207948532,96
"418",1047,24,1166,8722,840,211,18,8,11.5,"01:36.0",2020,17,"Dry",23.39240506,28.8164557,1.692405063,"No",48.0832728027394,0.389021479713604,96
"419",1047,24,1167,8723,844,6,16,9,11,"01:35.9",2020,17,"Dry",23.39240506,28.8164557,1.692405063,"No",57.0078343882951,0.409982359655494,95.9
"420",1047,24,1168,8724,842,213,10,10,8.5,"01:36.2",2020,17,"Dry",23.39240506,28.8164557,1.692405063,"No",44.2013593441943,0.272647089343157,96.2
"421",1073,24,1597,9156,830,9,33,1,2.5,"01:22.1",2021,22,"Dry",25.12962963,29.17283951,0.316049383,"No",44.6790048849272,0.326987963942187,82.1
"422",1073,24,1598,9157,1,131,44,2,4,"01:22.5",2021,22,"Dry",25.12962963,29.17283951,0.316049383,"No",56.3859596112202,0.409125245505363,82.5
"423",1073,24,1599,9158,846,1,4,3,6.5,"01:22.9",2021,22,"Dry",25.12962963,29.17283951,0.316049383,"No",48.4163770962381,0.337362139295966,82.9
"424",1073,24,1600,9159,815,9,11,4,2.5,"01:22.9",2021,22,"Dry",25.12962963,29.17283951,0.316049383,"No",39.8866394722264,0.218361283174699,82.9
"425",1073,24,1601,9160,832,6,55,5,6,"01:23.0",2021,22,"Dry",25.12962963,29.17283951,0.316049383,"No",58.7867754444276,0.412247570126404,83
"426",1073,24,1602,9161,822,131,77,6,4,"01:23.0",2021,22,"Dry",25.12962963,29.17283951,0.316049383,"No",52.6266807674875,0.356952208289268,83
"427",1073,24,1603,9162,844,6,16,7,6,"01:23.1",2021,22,"Dry",25.12962963,29.17283951,0.316049383,"No",62.5950042806063,0.437377247318326,83.1
"428",1073,24,1604,9163,852,213,22,8,10,"01:23.2",2021,22,"Dry",25.12962963,29.17283951,0.316049383,"No",49.8379916402276,0.298685602054691,83.2
"429",1073,24,1605,9164,839,214,31,9,10,"01:23.4",2021,22,"Dry",25.12962963,29.17283951,0.316049383,"No",41.123231102382,0.243843480888352,83.4
"430",1073,24,1606,9165,817,1,3,10,6.5,"01:23.4",2021,22,"Dry",25.12962963,29.17283951,0.316049383,"No",50.7614946870121,0.325225361333535,83.4
"431",1027,32,759,8298,830,9,33,1,3,"01:14.8",2019,18,"Dry",20.55128205,34.99358974,1.121794872,"No",48.2202965128419,0.412507830444769,74.8
"432",1027,32,760,8299,844,6,16,2,2.5,"01:15.0",2019,18,"Dry",20.55128205,34.99358974,1.121794872,"No",72.6695552307371,0.614950929212779,75
"433",1027,32,761,8300,20,6,5,3,2.5,"01:15.2",2019,18,"Dry",20.55128205,34.99358974,1.121794872,"No",63.6507099603257,0.540352892044268,75.2
"434",1027,32,762,8301,1,131,44,4,5,"01:15.3",2019,18,"Dry",20.55128205,34.99358974,1.121794872,"No",46.3034558362915,0.357799122990186,75.3
"435",1027,32,763,8302,848,9,23,5,3,"01:15.3",2019,18,"Dry",20.55128205,34.99358974,1.121794872,"No",53.521559824598,0.45014616830236,75.3
"436",1027,32,764,8303,822,131,77,6,5,"01:15.3",2019,18,"Dry",20.55128205,34.99358974,1.121794872,"No",70.1113489246189,0.595218208394237,75.3
"437",1027,32,765,8304,832,1,55,7,7.5,"01:16.0",2019,18,"Dry",20.55128205,34.99358974,1.121794872,"No",47.5671330131551,0.369127166423053,76
"438",1027,32,766,8305,846,1,4,8,7.5,"01:16.3",2019,18,"Dry",20.55128205,34.99358974,1.121794872,"No",46.080496972228,0.360200459386093,76.3
"439",1027,32,767,8306,826,5,26,9,9.5,"01:16.5",2019,18,"Dry",20.55128205,34.99358974,1.121794872,"No",71.8463144706619,0.571518062225934,76.5
"440",1027,32,768,8307,842,5,10,10,9.5,"01:16.6",2019,18,"Dry",20.55128205,34.99358974,1.121794872,"No",43.603257465024,0.320578408853623,76.6
"441",1070,32,1517,9076,822,131,77,1,1.5,"01:15.9",2021,18,"Dry",21.64134615,45.03173077,0.380769231,"No",70.4859412967177,0.615844486442705,75.9
"442",1070,32,1518,9077,1,131,44,2,1.5,"01:16.0",2021,18,"Dry",21.64134615,45.03173077,0.380769231,"No",69.4605237783006,0.608323369460408,76
"443",1070,32,1519,9078,830,9,33,3,3.5,"01:16.2",2021,18,"Dry",21.64134615,45.03173077,0.380769231,"No",47.2397886373279,0.415049947930729,76.2
"444",1070,32,1520,9079,815,9,11,4,3.5,"01:16.3",2021,18,"Dry",21.64134615,45.03173077,0.380769231,"No",39.4637250742469,0.32853781771898,76.3
"445",1070,32,1521,9080,842,213,10,5,7,"01:16.5",2021,18,"Dry",21.64134615,45.03173077,0.380769231,"No",52.5576811817796,0.436224784973194,76.5
"446",1070,32,1522,9081,832,6,55,6,7,"01:16.8",2021,18,"Dry",21.64134615,45.03173077,0.380769231,"No",66.5047633740888,0.559378254329464,76.8
"447",1070,32,1523,9082,817,1,3,7,8.5,"01:16.8",2021,18,"Dry",21.64134615,45.03173077,0.380769231,"No",58.599375168743,0.50248775407876,76.8
"448",1070,32,1524,9083,844,6,16,8,7,"01:16.7",2021,18,"Dry",21.64134615,45.03173077,0.380769231,"No",64.5752304547383,0.564855170285802,76.7
"449",1070,32,1525,9084,852,213,22,9,7,"01:16.7",2021,18,"Dry",21.64134615,45.03173077,0.380769231,"No",54.7747521888379,0.469471979018012,76.7
"450",1070,32,1526,9085,846,1,4,10,8.5,"01:17.5",2021,18,"Dry",21.64134615,45.03173077,0.380769231,"No",76.4349134107301,0.692174181355344,77.5
"451",1017,34,559,8098,1,131,44,1,1.5,"01:28.3",2019,8,"Dry",26.27051282,54.03333333,2.43974359,"No",70.007590230805,0.511178809314814,88.3
"452",1017,34,560,8099,822,131,77,2,1.5,"01:28.6",2019,8,"Dry",26.27051282,54.03333333,2.43974359,"No",72.2762430939227,0.534775649300356,88.6
"453",1017,34,561,8100,844,6,16,3,5,"01:29.0",2019,8,"Dry",26.27051282,54.03333333,2.43974359,"No",70.4246914855166,0.518046160995508,89
"454",1017,34,562,8101,830,9,33,4,6.5,"01:29.4",2019,8,"Dry",26.27051282,54.03333333,2.43974359,"No",48.6031393607683,0.327515877523623,89.4
"455",1017,34,563,8102,846,1,4,5,5.5,"01:29.4",2019,8,"Dry",26.27051282,54.03333333,2.43974359,"No",50.7344968244953,0.313832808385398,89.4
"456",1017,34,564,8103,832,1,55,6,5.5,"01:29.5",2019,8,"Dry",26.27051282,54.03333333,2.43974359,"No",47.2193938142201,0.291991531987401,89.5
"457",1017,34,565,8104,20,6,5,7,5,"01:29.5",2019,8,"Dry",26.27051282,54.03333333,2.43974359,"No",54.2204781329065,0.366757887127588,89.5
"458",1017,34,566,8105,817,4,3,8,10.5,"01:29.9",2019,8,"Dry",26.27051282,54.03333333,2.43974359,"No",34.0111529922032,0.146796096452729,89.9
"459",1017,34,567,8106,842,9,10,9,6.5,"01:30.2",2019,8,"Dry",26.27051282,54.03333333,2.43974359,"No",42.4399752155729,0.269892084473589,90.2
"460",1017,34,568,8107,841,51,99,10,11,"01:30.4",2019,8,"Dry",26.27051282,54.03333333,2.43974359,"No",51.7748231527857,0.356379408271803,90.4
"461",1059,34,1297,8854,830,9,33,1,2.5,"01:30.0",2021,7,"Dry",29.29772727,44.32386364,0.367045455,"No",53.4714402470033,0.421176897929531,90
"462",1059,34,1298,8855,1,131,44,2,2.5,"01:30.2",2021,7,"Dry",29.29772727,44.32386364,0.367045455,"No",65.6778514347984,0.493643298220123,90.2
"463",1059,34,1299,8856,822,131,77,3,2.5,"01:30.4",2021,7,"Dry",29.29772727,44.32386364,0.367045455,"No",74.3445332364693,0.606747184889212,90.4
"464",1059,34,1300,8857,815,9,11,4,2.5,"01:30.4",2021,7,"Dry",29.29772727,44.32386364,0.367045455,"No",46.4047402833273,0.357246640029059,90.4
"465",1059,34,1301,8858,832,6,55,5,6,"01:30.8",2021,7,"Dry",29.29772727,44.32386364,0.367045455,"No",57.0034961859789,0.406965128950236,90.8
"466",1059,34,1302,8859,842,213,10,6,13,"01:30.9",2021,7,"Dry",29.29772727,44.32386364,0.367045455,"No",43.0227933163821,0.25186160552125,90.9
"467",1059,34,1303,8860,844,6,16,7,6,"01:31.0",2021,7,"Dry",29.29772727,44.32386364,0.367045455,"No",60.8896658191064,0.459498728659644,91
"468",1059,34,1304,8861,846,1,4,8,9,"01:31.3",2021,7,"Dry",29.29772727,44.32386364,0.367045455,"No",68.4298946603705,0.542635306937886,91.3
"469",1059,34,1305,8862,4,214,14,9,10,"01:31.3",2021,7,"Dry",29.29772727,44.32386364,0.367045455,"No",27.0088539774791,0.150835452233927,91.3
"470",1059,34,1306,8863,817,1,3,10,9,"01:31.4",2021,7,"Dry",29.29772727,44.32386364,0.367045455,"No",42.0685615691972,0.2544042862332,91.4
"471",1064,39,1417,8974,830,9,33,1,8.5,"01:08.9",2021,13,"Dry",19.08659794,35.22371134,0.626804124,"No",50.6127380116476,0.437900128040973,68.9
"472",1064,39,1418,8975,1,131,44,2,2.5,"01:08.9",2021,13,"Dry",19.08659794,35.22371134,0.626804124,"No",78.3720209821982,0.696873322043699,68.9
"473",1064,39,1419,8976,822,131,77,3,2.5,"01:09.2",2021,13,"Dry",19.08659794,35.22371134,0.626804124,"No",79.0562554210896,0.703936227334683,69.2
"474",1064,39,1420,8977,842,213,10,4,9.5,"01:09.5",2021,13,"Dry",19.08659794,35.22371134,0.626804124,"No",61.1411754987402,0.511461732270456,69.5
"475",1064,39,1421,8978,844,6,16,5,5.5,"01:09.4",2021,13,"Dry",19.08659794,35.22371134,0.626804124,"No",77.1790508446574,0.659576225682541,69.4
"476",1064,39,1422,8979,832,6,55,6,5.5,"01:09.5",2021,13,"Dry",19.08659794,35.22371134,0.626804124,"No",73.6819627442072,0.626450786832431,69.5
"477",1064,39,1423,8980,841,51,99,7,12.5,"01:09.6",2021,13,"Dry",19.08659794,35.22371134,0.626804124,"No",61.9733592168849,0.530833092396018,69.6
"478",1064,39,1424,8981,839,214,31,8,8.5,"01:09.9",2021,13,"Dry",19.08659794,35.22371134,0.626804124,"No",42.8916195117922,0.34253025484284,69.9
"479",1064,39,1425,8982,4,214,14,9,8.5,"01:10.0",2021,13,"Dry",19.08659794,35.22371134,0.626804124,"No",44.6175292222543,0.374994837057536,70
"480",1064,39,1426,8983,817,1,3,10,11.5,"01:09.9",2021,13,"Dry",19.08659794,35.22371134,0.626804124,"No",57.5825864276568,0.47234728016191,69.9
"481",1006,69,343,7880,1,131,44,1,2.5,"01:32.2",2018,18,"Dry",19.39620253,21.57468354,1.717721519,"No",64.8875019263369,0.479426722145169,92.2
"482",1006,69,344,7881,20,6,5,2,2.5,"01:32.3",2018,18,"Dry",19.39620253,21.57468354,1.717721519,"No",68.1748600195202,0.548415266861869,92.3
"483",1006,69,345,7882,8,6,7,3,2.5,"01:32.3",2018,18,"Dry",19.39620253,21.57468354,1.717721519,"No",68.4440848615606,0.553038475368572,92.3
"484",1006,69,346,7883,822,131,77,4,2.5,"01:32.6",2018,18,"Dry",19.39620253,21.57468354,1.717721519,"No",65.320953408332,0.520676015821647,92.6
"485",1006,69,347,7884,817,9,3,5,10,"01:33.5",2018,18,"Dry",19.39620253,21.57468354,1.717721519,"No",53.6467868700878,0.393794626804336,93.5
"486",1006,69,348,7885,839,10,31,6,8,"01:34.1",2018,18,"Dry",19.39620253,21.57468354,1.717721519,"No",46.4944264653003,0.342477012379925,94.1
"487",1006,69,349,7886,807,4,27,7,9,"01:34.2",2018,18,"Dry",19.39620253,21.57468354,1.717721519,"No",36.5574048389582,0.231109056351775,94.2
"488",1006,69,350,7887,154,210,8,8,10,"01:34.3",2018,18,"Dry",19.39620253,21.57468354,1.717721519,"No",66.1334566188935,0.565315662403041,94.3
"489",1006,69,351,7888,844,15,16,9,14,"01:34.3",2018,18,"Dry",19.39620253,21.57468354,1.717721519,"No",52.9460625674218,0.371038167154672,94.3
"490",1006,69,352,7889,815,10,11,10,8,"01:34.5",2018,18,"Dry",19.39620253,21.57468354,1.717721519,"No",47.8301741408537,0.343504392048081,94.5
"491",1028,69,779,8318,822,131,77,1,3,"01:32.0",2019,19,"Dry",20.45949367,26.36962025,1.207594937,"No",69.6916495901639,0.552561475409836,92
"492",1028,69,780,8319,20,6,5,2,3,"01:32.0",2019,19,"Dry",20.45949367,26.36962025,1.207594937,"No",62.8427766393443,0.492981557377049,92
"493",1028,69,781,8320,830,9,33,3,4.5,"01:32.1",2019,19,"Dry",20.45949367,26.36962025,1.207594937,"No",47.6179303278689,0.363268442622951,92.1
"494",1028,69,782,8321,844,6,16,4,3,"01:32.1",2019,19,"Dry",20.45949367,26.36962025,1.207594937,"No",63.2018442622951,0.460911885245902,92.1
"495",1028,69,783,8322,1,131,44,5,3,"01:32.3",2019,19,"Dry",20.45949367,26.36962025,1.207594937,"No",48.3150614754098,0.345543032786885,92.3
"496",1028,69,784,8323,848,9,23,6,4.5,"01:32.5",2019,19,"Dry",20.45949367,26.36962025,1.207594937,"No",59.512243852459,0.482530737704918,92.5
"497",1028,69,785,8324,832,1,55,7,7.5,"01:32.8",2019,19,"Dry",20.45949367,26.36962025,1.207594937,"No",49.007018442623,0.372745901639344,92.8
"498",1028,69,786,8325,846,1,4,8,7.5,"01:33.2",2019,19,"Dry",20.45949367,26.36962025,1.207594937,"No",44.2316598360656,0.300870901639344,93.2
"499",1028,69,787,8326,817,4,3,9,10,"01:33.5",2019,19,"Dry",20.45949367,26.36962025,1.207594937,"No",51.0342725409836,0.343801229508197,93.5
"500",1028,69,788,8327,842,5,10,10,11.5,"01:33.6",2019,19,"Dry",20.45949367,26.36962025,1.207594937,"No",48.3094774590164,0.320184426229508,93.6
"501",1018,70,579,8118,844,6,16,1,5.5,"01:03.0",2019,9,"Dry",29.65128205,50.98205128,1.455128205,"No",71.8413191966561,0.591395657049648,63
"502",1018,70,580,8119,1,131,44,2,3,"01:03.3",2019,9,"Dry",29.65128205,50.98205128,1.455128205,"No",72.2962075644816,0.54378631868692,63.3
"503",1018,70,581,8120,830,9,33,3,6,"01:03.4",2019,9,"Dry",29.65128205,50.98205128,1.455128205,"No",59.2624120705475,0.478591089815476,63.4
"504",1018,70,582,8121,822,131,77,4,3,"01:03.5",2019,9,"Dry",29.65128205,50.98205128,1.455128205,"No",62.3473850545418,0.460852278519727,63.5
"505",1018,70,583,8122,825,210,20,5,8,"01:04.1",2019,9,"Dry",29.65128205,50.98205128,1.455128205,"No",62.5161076562341,0.497145478642063,64.1
"506",1018,70,584,8123,846,1,4,6,10.5,"01:04.1",2019,9,"Dry",29.65128205,50.98205128,1.455128205,"No",78.7628198593129,0.651595473544704,64.1
"507",1018,70,585,8124,8,51,7,7,7.5,"01:04.1",2019,9,"Dry",29.65128205,50.98205128,1.455128205,"No",53.4855234988276,0.388571719849118,64.1
"508",1018,70,586,8125,841,51,99,8,7.5,"01:04.2",2019,9,"Dry",29.65128205,50.98205128,1.455128205,"No",53.2542053216434,0.376440004077888,64.2
"509",1018,70,587,8126,842,9,10,9,6,"01:04.0",2019,9,"Dry",29.65128205,50.98205128,1.455128205,"No",53.0288510551534,0.41461922724029,64
"510",1018,70,588,8127,20,6,5,10,5.5,"01:03.7",2019,9,"Dry",29.65128205,50.98205128,1.455128205,"No",86.4128861249873,0.786471607707208,63.7
"511",1031,70,839,8378,822,131,77,1,1.5,"01:02.9",2020,1,"Dry",24.59066667,49.92666667,1.382666667,"No",65.4070920456995,0.537885320112093,62.9
"512",1031,70,840,8379,1,131,44,2,1.5,"01:03.0",2020,1,"Dry",24.59066667,49.92666667,1.382666667,"No",52.2384673420996,0.390008622547963,63
"513",1031,70,841,8380,830,9,33,3,4,"01:03.5",2020,1,"Dry",24.59066667,49.92666667,1.382666667,"No",45.7952144858806,0.311058417762449,63.5
"514",1031,70,842,8381,846,1,4,4,6,"01:03.6",2020,1,"Dry",24.59066667,49.92666667,1.382666667,"No",78.6639900840698,0.658008191420565,63.6
"515",1031,70,843,8382,848,9,23,5,4,"01:03.7",2020,1,"Dry",24.59066667,49.92666667,1.382666667,"No",47.179079543005,0.368883380038802,63.7
"516",1031,70,844,8383,815,211,11,6,7.5,"01:03.9",2020,1,"Dry",24.59066667,49.92666667,1.382666667,"No",52.7416469066609,0.407145936624272,63.9
"517",1031,70,845,8384,844,6,16,7,9,"01:03.9",2020,1,"Dry",24.59066667,49.92666667,1.382666667,"No",68.2861069195947,0.53082560896745,63.9
"518",1031,70,846,8385,832,1,55,8,6,"01:04.0",2020,1,"Dry",24.59066667,49.92666667,1.382666667,"No",54.1347812028454,0.408978228066394,64
"519",1031,70,847,8386,840,211,18,9,7.5,"01:04.0",2020,1,"Dry",24.59066667,49.92666667,1.382666667,"No",53.6375296400086,0.42837896098297,64
"520",1031,70,848,8387,817,4,3,10,12,"01:04.0",2020,1,"Dry",24.59066667,49.92666667,1.382666667,"No",31.2027376589782,0.196432420780341,64
"521",1058,70,1317,8874,830,9,33,1,3,"01:03.8",2021,8,"Dry",25.79102564,53.85769231,0.258974359,"No",51.4622709491456,0.406526662548899,63.8
"522",1058,70,1318,8875,822,131,77,2,2.5,"01:04.0",2021,8,"Dry",25.79102564,53.85769231,0.258974359,"No",75.8604076590488,0.597385217212271,64
"523",1058,70,1319,8876,1,131,44,3,2.5,"01:04.1",2021,8,"Dry",25.79102564,53.85769231,0.258974359,"No",72.3043545398394,0.545758698785258,64.1
"524",1058,70,1320,8877,846,1,4,4,8.5,"01:04.1",2021,8,"Dry",25.79102564,53.85769231,0.258974359,"No",50.9534692196829,0.39952645666049,64.1
"525",1058,70,1321,8878,815,9,11,5,3,"01:04.2",2021,8,"Dry",25.79102564,53.85769231,0.258974359,"No",37.4585134856908,0.280625900761787,64.2
"526",1058,70,1322,8879,842,213,10,6,7,"01:04.2",2021,8,"Dry",25.79102564,53.85769231,0.258974359,"No",49.4746242536545,0.371371216800494,64.2
"527",1058,70,1323,8880,844,6,16,7,9.5,"01:04.5",2021,8,"Dry",25.79102564,53.85769231,0.258974359,"No",65.3107370805024,0.508750257360511,64.5
"528",1058,70,1324,8881,852,213,22,8,7,"01:04.5",2021,8,"Dry",25.79102564,53.85769231,0.258974359,"No",46.5844142474779,0.319281449454396,64.5
"529",1058,70,1325,8882,4,214,14,9,13,"01:04.6",2021,8,"Dry",25.79102564,53.85769231,0.258974359,"No",48.3060531192094,0.375283096561664,64.6
"530",1058,70,1326,8883,840,117,18,10,12,"01:04.7",2021,8,"Dry",25.79102564,53.85769231,0.258974359,"No",50.6640930615606,0.412394482190653,64.7
"531",1060,70,1337,8894,830,9,33,1,2,"01:03.7",2021,9,"Dry",25.61818182,51.72077922,0.325974026,"No",49.7064777327935,0.407401640195163,63.7
"532",1060,70,1338,8895,846,1,4,2,7.5,"01:03.8",2021,9,"Dry",25.61818182,51.72077922,0.325974026,"No",68.9297207515831,0.567943527457697,63.8
"533",1060,70,1339,8896,815,9,11,3,2,"01:04.0",2021,9,"Dry",25.61818182,51.72077922,0.325974026,"No",36.0693968649434,0.245873559638742,64
"534",1060,70,1340,8897,1,131,44,4,4.5,"01:04.0",2021,9,"Dry",25.61818182,51.72077922,0.325974026,"No",79.5967507526212,0.655403301152289,64
"535",1060,70,1341,8898,822,131,77,5,4.5,"01:04.0",2021,9,"Dry",25.61818182,51.72077922,0.325974026,"No",71.1023564829233,0.579103083151666,64
"536",1060,70,1342,8899,842,213,10,6,6.5,"01:04.1",2021,9,"Dry",25.61818182,51.72077922,0.325974026,"No",50.0312986608533,0.35150005190491,64.1
"537",1060,70,1343,8900,852,213,22,7,6.5,"01:04.3",2021,9,"Dry",25.61818182,51.72077922,0.325974026,"No",48.0991383784906,0.338575729263988,64.3
"538",1060,70,1344,8901,20,117,5,8,9,"01:04.5",2021,9,"Dry",25.61818182,51.72077922,0.325974026,"No",47.9966780857469,0.375168690958165,64.5
"539",1060,70,1345,8902,847,3,63,9,13.5,"01:04.6",2021,9,"Dry",25.61818182,51.72077922,0.325974026,"No",74.6920481677567,0.630488944254126,64.6
"540",1060,70,1346,8903,840,117,18,10,9,"01:04.5",2021,9,"Dry",25.61818182,51.72077922,0.325974026,"No",48.6242603550296,0.377919651199003,64.5
"541",1004,71,303,7840,822,131,77,1,1.5,"01:31.4",2018,16,"Dry",23.53717949,36.64487179,1.683333333,"No",70.1055736371033,0.557160292921074,91.4
"542",1004,71,304,7841,1,131,44,2,1.5,"01:31.5",2018,16,"Dry",23.53717949,36.64487179,1.683333333,"No",69.2355065093572,0.519121236777868,91.5
"543",1004,71,305,7842,20,6,5,3,3.5,"01:31.9",2018,16,"Dry",23.53717949,36.64487179,1.683333333,"No",68.3718978844589,0.524460943856794,91.9
"544",1004,71,306,7843,8,6,7,4,3.5,"01:32.2",2018,16,"Dry",23.53717949,36.64487179,1.683333333,"No",61.8226708706265,0.438974776240846,92.2
"545",1004,71,307,7844,825,210,20,5,7,"01:33.2",2018,16,"Dry",23.53717949,36.64487179,1.683333333,"No",68.2422701383238,0.545311228641172,93.2
"546",1004,71,308,7845,839,10,31,6,7,"01:33.4",2018,16,"Dry",23.53717949,36.64487179,1.683333333,"No",50.4276342554923,0.373626932465419,93.4
"547",1004,71,309,7846,844,15,16,7,8.5,"01:33.4",2018,16,"Dry",23.53717949,36.64487179,1.683333333,"No",54.2878356387307,0.369100895036615,93.4
"548",1004,71,310,7847,815,10,11,8,7,"01:33.6",2018,16,"Dry",23.53717949,36.64487179,1.683333333,"No",53.4725895036615,0.406224572823434,93.6
"549",1004,71,311,7848,154,210,8,9,7,"01:33.5",2018,16,"Dry",23.53717949,36.64487179,1.683333333,"No",48.8926973148902,0.392341334418226,93.5
"550",1004,71,312,7849,828,15,9,10,8.5,"01:34.0",2018,16,"Dry",23.53717949,36.64487179,1.683333333,"No",56.6374084621644,0.390154597233523,94
"551",1025,71,719,8258,844,6,16,1,2,"01:31.6",2019,16,"Dry",22.05764706,30.75058824,2.447058824,"No",74.6730145093547,0.571735395189003,91.6
"552",1025,71,720,8259,1,131,44,2,3.5,"01:32.0",2019,16,"Dry",22.05764706,30.75058824,2.447058824,"No",55.297107674685,0.389747995418099,92
"553",1025,71,721,8260,20,6,5,3,2,"01:32.1",2019,16,"Dry",22.05764706,30.75058824,2.447058824,"No",68.7905689194349,0.490024818633066,92.1
"554",1025,71,722,8261,830,9,33,4,11.5,"01:32.3",2019,16,"Dry",22.05764706,30.75058824,2.447058824,"No",53.1787896143566,0.399293623520428,92.3
"555",1025,71,723,8262,822,131,77,5,3.5,"01:32.6",2019,16,"Dry",22.05764706,30.75058824,2.447058824,"No",74.9537991599847,0.574885452462772,92.6
"556",1025,71,724,8263,832,1,55,6,7,"01:33.2",2019,16,"Dry",22.05764706,30.75058824,2.447058824,"No",54.5553646429935,0.372613592974418,93.2
"557",1025,71,725,8264,807,4,27,7,8.5,"01:33.3",2019,16,"Dry",22.05764706,30.75058824,2.447058824,"No",31.7252290950745,0.178598701794578,93.3
"558",1025,71,726,8265,846,1,4,8,7,"01:33.3",2019,16,"Dry",22.05764706,30.75058824,2.447058824,"No",53.4381443298969,0.358867888507064,93.3
"559",1025,71,727,8266,154,210,8,9,11.5,"01:33.5",2019,16,"Dry",22.05764706,30.75058824,2.447058824,"No",64.4326078655976,0.523434516991218,93.5
"560",1025,71,728,8267,817,4,3,10,8.5,"01:33.7",2019,16,"Dry",22.05764706,30.75058824,2.447058824,"No",32.7873711340206,0.142229858724704,93.7
"561",1040,71,1019,8558,1,131,44,1,2,"01:31.3",2020,10,"Dry",25.81910112,32.92247191,2.015730337,"No",49.7321906316601,0.355416496621775,91.3
"562",1040,71,1020,8559,830,9,33,2,6,"01:31.9",2020,10,"Dry",25.81910112,32.92247191,2.015730337,"No",40.6696594567632,0.248718995148052,91.9
"563",1040,71,1021,8560,822,131,77,3,2,"01:32.0",2020,10,"Dry",25.81910112,32.92247191,2.015730337,"No",64.7601233392282,0.49848093229946,92
"564",1040,71,1022,8561,815,211,11,4,8.5,"01:32.3",2020,10,"Dry",25.81910112,32.92247191,2.015730337,"No",66.6018682265451,0.559243640321045,92.3
"565",1040,71,1023,8562,817,4,3,5,6,"01:32.2",2020,10,"Dry",25.81910112,32.92247191,2.015730337,"No",48.9477168639187,0.347208996508412,92.2
"566",1040,71,1024,8563,832,1,55,6,7,"01:32.6",2020,10,"Dry",25.81910112,32.92247191,2.015730337,"No",51.8724890037637,0.39863057180429,92.6
"567",1040,71,1025,8564,839,4,31,7,6,"01:32.6",2020,10,"Dry",25.81910112,32.92247191,2.015730337,"No",32.0878338548043,0.163832585135809,92.6
"568",1040,71,1026,8565,846,1,4,8,7,"01:32.8",2020,10,"Dry",25.81910112,32.92247191,2.015730337,"No",42.6049063619462,0.286446288486827,92.8
"569",1040,71,1027,8566,842,213,10,9,10.5,"01:33.0",2020,10,"Dry",25.81910112,32.92247191,2.015730337,"No",57.4434317326441,0.40058041989752,93
"570",1040,71,1028,8567,848,9,23,10,6,"01:33.0",2020,10,"Dry",25.81910112,32.92247191,2.015730337,"No",32.4697773545549,0.221058359406883,93
"571",1013,73,479,8018,822,131,77,1,1.5,"01:40.5",2019,4,"Dry",15.89848485,31.92575758,1.062121212,"No",82.5021933188135,0.697045921654038,100.5
"572",1013,73,480,8019,1,131,44,2,1.5,"01:40.6",2019,4,"Dry",15.89848485,31.92575758,1.062121212,"No",81.7274763029541,0.68768980643578,100.6
"573",1013,73,481,8020,20,6,5,3,6,"01:40.8",2019,4,"Dry",15.89848485,31.92575758,1.062121212,"No",71.7612503451026,0.575968587993497,100.8
"574",1013,73,482,8021,830,9,33,4,12,"01:41.1",2019,4,"Dry",15.89848485,31.92575758,1.062121212,"No",72.9982514801067,0.638363139973619,101.1
"575",1013,73,483,8022,815,211,11,5,9.5,"01:41.6",2019,4,"Dry",15.89848485,31.92575758,1.062121212,"No",75.3274947084266,0.647688579404276,101.6
"576",1013,73,484,8023,826,5,26,6,9,"01:41.7",2019,4,"Dry",15.89848485,31.92575758,1.062121212,"No",69.877726310623,0.548114972851928,101.7
"577",1013,73,485,8024,846,1,4,7,8.5,"01:41.9",2019,4,"Dry",15.89848485,31.92575758,1.062121212,"No",70.0593883247952,0.559618393202245,101.9
"578",1013,73,486,8025,841,51,99,8,13.5,"01:42.1",2019,4,"Dry",15.89848485,31.92575758,1.062121212,"No",70.0556458787079,0.583085370716893,102.1
"579",1013,73,487,8026,844,6,16,9,6,"01:41.4",2019,4,"Dry",15.89848485,31.92575758,1.062121212,"No",92.631185005675,0.83913616982116,101.4
"580",1013,73,488,8027,832,1,55,10,8.5,"01:41.9",2019,4,"Dry",15.89848485,31.92575758,1.062121212,"No",88.7929077579067,0.768183073100402,101.9
"581",1057,73,1277,8834,844,6,16,1,3,"01:41.2",2021,6,"Dry",26.03434343,47.27070707,0.291919192,"No",63.6595918367347,0.530408163265306,101.2
"582",1057,73,1278,8835,1,131,44,2,6,"01:41.5",2021,6,"Dry",26.03434343,47.27070707,0.291919192,"No",56.3625306122449,0.45,101.5
"583",1057,73,1279,8836,830,9,33,3,5,"01:41.6",2021,6,"Dry",26.03434343,47.27070707,0.291919192,"No",48.6437959183674,0.384938775510204,101.6
"584",1057,73,1280,8837,842,213,10,4,6,"01:41.6",2021,6,"Dry",26.03434343,47.27070707,0.291919192,"No",57.8951020408163,0.440408163265306,101.6
"585",1057,73,1281,8838,832,6,55,5,3,"01:41.6",2021,6,"Dry",26.03434343,47.27070707,0.291919192,"No",65.5465306122449,0.531224489795918,101.6
"586",1057,73,1282,8839,846,1,4,6,9.5,"01:41.7",2021,6,"Dry",26.03434343,47.27070707,0.291919192,"No",48.9032244897959,0.349265306122449,101.7
"587",1057,73,1283,8840,815,9,11,7,5,"01:41.6",2021,6,"Dry",26.03434343,47.27070707,0.291919192,"No",44.6832244897959,0.368897959183674,101.6
"588",1057,73,1284,8841,852,213,22,8,6,"01:41.7",2021,6,"Dry",26.03434343,47.27070707,0.291919192,"No",62.5751836734694,0.477836734693878,101.7
"589",1057,73,1285,8842,4,214,14,9,10.5,"01:42.2",2021,6,"Dry",26.03434343,47.27070707,0.291919192,"No",38.2757959183673,0.253714285714286,102.2
"590",1057,73,1286,8843,822,131,77,10,6,"01:42.1",2021,6,"Dry",26.03434343,47.27070707,0.291919192,"No",67.1166530612245,0.529224489795918,102.1
"591",1042,75,1070,8615,1,131,44,1,1.5,"01:16.7",2020,12,"Dry",21.3037037,35.3787037,1.425925926,"No",60.1959845920392,0.479047507879071,76.7
"592",1042,75,1069,8616,822,131,77,2,1.5,"01:16.5",2020,12,"Dry",21.3037037,35.3787037,1.425925926,"No",85.3702579666161,0.732889770826038,76.5
"593",1042,75,1068,8617,830,9,33,3,4.5,"01:16.9",2020,12,"Dry",21.3037037,35.3787037,1.425925926,"No",45.3352398739349,0.319793004163262,76.9
"594",1042,75,1067,8618,844,6,16,4,9.5,"01:17.1",2020,12,"Dry",21.3037037,35.3787037,1.425925926,"No",75.5933232169954,0.614606435547255,77.1
"595",1042,75,1066,8619,815,211,11,5,8.5,"01:17.1",2020,12,"Dry",21.3037037,35.3787037,1.425925926,"No",71.1048208240924,0.589899225711062,77.1
"596",1042,75,1065,8620,848,9,23,6,4.5,"01:17.4",2020,12,"Dry",21.3037037,35.3787037,1.425925926,"No",36.8240535387728,0.242519746313373,77.4
"597",1042,75,1064,8621,832,1,55,7,7.5,"01:17.2",2020,12,"Dry",21.3037037,35.3787037,1.425925926,"No",65.1232636862379,0.496400918252208,77.2
"598",1042,75,1063,8622,846,1,4,8,7.5,"01:17.3",2020,12,"Dry",21.3037037,35.3787037,1.425925926,"No",68.6338663865219,0.524999027275203,77.3
"599",1042,75,1062,8623,842,213,10,9,11,"01:17.2",2020,12,"Dry",21.3037037,35.3787037,1.425925926,"No",74.5959690284425,0.577993074199447,77.2
"600",1042,75,1061,8624,817,4,3,10,10.5,"01:17.5",2020,12,"Dry",21.3037037,35.3787037,1.425925926,"No",49.8786428543636,0.373565230924867,77.5
"601",1054,75,1219,8775,822,131,77,1,1.5,"01:18.3",2021,3,"Dry",18.10128205,37.18076923,0.762820513,"No",57.1670622809992,0.380580987905505,78.3
"602",1054,75,1220,8776,1,131,44,2,1.5,"01:18.0",2021,3,"Dry",18.10128205,37.18076923,0.762820513,"No",56.1321917034023,0.379959308240081,78
"603",1054,75,1221,8777,830,9,33,3,3.5,"01:18.7",2021,3,"Dry",18.10128205,37.18076923,0.762820513,"No",49.303492709393,0.34203684864926,78.7
"604",1054,75,1222,8778,815,9,11,4,3.5,"01:18.8",2021,3,"Dry",18.10128205,37.18076923,0.762820513,"No",52.2368599525263,0.362495761275008,78.8
"605",1054,75,1223,8779,832,6,55,5,6.5,"01:18.8",2021,3,"Dry",18.10128205,37.18076923,0.762820513,"No",56.8553747032893,0.386289137560755,78.8
"606",1054,75,1224,8780,839,214,31,6,9.5,"01:18.6",2021,3,"Dry",18.10128205,37.18076923,0.762820513,"No",38.9897140273539,0.252458460495083,78.6
"607",1054,75,1225,8781,846,1,4,7,11.5,"01:18.5",2021,3,"Dry",18.10128205,37.18076923,0.762820513,"No",66.1158584831016,0.461116762744433,78.5
"608",1054,75,1226,8782,844,6,16,8,6.5,"01:18.8",2021,3,"Dry",18.10128205,37.18076923,0.762820513,"No",51.1421385780491,0.301062507064542,78.8
"609",1054,75,1227,8783,842,213,10,9,11.5,"01:19.1",2021,3,"Dry",18.10128205,37.18076923,0.762820513,"No",56.2709393014581,0.34203684864926,79.1
"610",1054,75,1228,8784,20,117,5,10,13.5,"01:19.0",2021,3,"Dry",18.10128205,37.18076923,0.762820513,"No",58.4741155193851,0.419633774160732,79
"611",1039,76,999,8538,1,131,44,1,1.5,"01:15.1",2020,9,"Dry",29.36233766,45.14935065,2.728571429,"No",79.8420084121977,0.658359621451104,75.1
"612",1039,76,1000,8539,822,131,77,2,1.5,"01:15.2",2020,9,"Dry",29.36233766,45.14935065,2.728571429,"No",80.1880651945321,0.702628811777077,75.2
"613",1039,76,1001,8540,830,9,33,3,3.5,"01:15.5",2020,9,"Dry",29.36233766,45.14935065,2.728571429,"No",66.6252891692955,0.554311251314406,75.5
"614",1039,76,1002,8541,848,9,23,4,3.5,"01:15.9",2020,9,"Dry",29.36233766,45.14935065,2.728571429,"No",58.8337539432177,0.490536277602524,75.9
"615",1039,76,1003,8542,844,6,16,5,9.5,"01:16.3",2020,9,"Dry",29.36233766,45.14935065,2.728571429,"No",65.9074658254469,0.496056782334385,76.3
"616",1039,76,1004,8543,815,211,11,6,6.5,"01:16.3",2020,9,"Dry",29.36233766,45.14935065,2.728571429,"No",51.4069400630915,0.385804416403785,76.3
"617",1039,76,1005,8544,840,211,18,7,6.5,"01:16.3",2020,9,"Dry",29.36233766,45.14935065,2.728571429,"No",49.04563617245,0.396950578338591,76.3
"618",1039,76,1006,8545,817,4,3,8,9,"01:16.2",2020,9,"Dry",29.36233766,45.14935065,2.728571429,"No",29.6374868559411,0.166298633017876,76.2
"619",1039,76,1007,8546,832,1,55,9,10,"01:16.5",2020,9,"Dry",29.36233766,45.14935065,2.728571429,"No",49.0542586750789,0.344584647739222,76.5
"620",1039,76,1008,8547,839,4,31,10,9,"01:16.3",2020,9,"Dry",29.36233766,45.14935065,2.728571429,"No",24.5282334384858,0.126182965299685,76.3
"621",1072,77,1577,9136,1,131,44,1,1.5,"01:27.5",2021,21,"Dry",28.15384615,30.85769231,0.637179487,"No",69.4498160261652,0.455846279640229,87.5
"622",1072,77,1578,9137,822,131,77,2,1.5,"01:27.6",2021,21,"Dry",28.15384615,30.85769231,0.637179487,"No",56.0855478331971,0.318785772690106,87.6
"623",1072,77,1579,9138,830,9,33,3,4,"01:27.7",2021,21,"Dry",28.15384615,30.85769231,0.637179487,"No",43.8699407195421,0.277596075224857,87.7
"624",1072,77,1580,9139,844,6,16,4,9.5,"01:28.1",2021,21,"Dry",28.15384615,30.85769231,0.637179487,"No",63.2248569092396,0.375817661488144,88.1
"625",1072,77,1581,9140,815,9,11,5,4,"01:27.9",2021,21,"Dry",28.15384615,30.85769231,0.637179487,"No",52.0785466067048,0.282604251839738,87.9
"626",1072,77,1582,9141,842,213,10,6,7,"01:28.1",2021,21,"Dry",28.15384615,30.85769231,0.637179487,"No",49.2867436631235,0.199100572363042,88.1
"627",1072,77,1583,9142,846,1,4,7,9,"01:28.2",2021,21,"Dry",28.15384615,30.85769231,0.637179487,"No",48.2004292722813,0.288890024529845,88.2
"628",1072,77,1584,9143,852,213,22,8,7,"01:28.2",2021,21,"Dry",28.15384615,30.85769231,0.637179487,"No",48.6964942763696,0.18698896156991,88.2
"629",1072,77,1585,9144,839,214,31,9,11,"01:28.6",2021,21,"Dry",28.15384615,30.85769231,0.637179487,"No",67.4755723630417,0.430754292722813,88.6
"630",1072,77,1586,9145,841,51,99,10,11,"01:28.6",2021,21,"Dry",28.15384615,30.85769231,0.637179487,"No",55.7730989370401,0.340249386753884,88.6
"631",1051,78,1557,9116,1,131,44,1,2,"01:20.8",2021,20,"Dry",25.93846154,29.23974359,0.197435897,"No",72.3686097735888,0.563005839565618,80.8
"632",1051,78,1558,9117,830,9,33,2,6.5,"01:21.3",2021,20,"Dry",25.93846154,29.23974359,0.197435897,"No",42.6780043028378,0.28649728511423,81.3
"633",1051,78,1559,9118,822,131,77,3,2,"01:21.5",2021,20,"Dry",25.93846154,29.23974359,0.197435897,"No",58.650804220879,0.433818256326196,81.5
"634",1051,78,1560,9119,842,213,10,4,6,"01:21.6",2021,20,"Dry",25.93846154,29.23974359,0.197435897,"No",46.2114025202336,0.301557217498207,81.6
"635",1051,78,1561,9120,4,214,14,5,7,"01:21.7",2021,20,"Dry",25.93846154,29.23974359,0.197435897,"No",67.1600758119045,0.528327015674623,81.7
"636",1051,78,1562,9121,846,1,4,6,10,"01:21.7",2021,20,"Dry",25.93846154,29.23974359,0.197435897,"No",66.9243417682614,0.484683946316976,81.7
"637",1051,78,1563,9122,832,6,55,7,10,"01:21.8",2021,20,"Dry",25.93846154,29.23974359,0.197435897,"No",60.9848888433562,0.422600143427927,81.8
"638",1051,78,1564,9123,852,213,22,8,6,"01:21.9",2021,20,"Dry",25.93846154,29.23974359,0.197435897,"No",44.0321176109005,0.272052043847966,81.9
"639",1051,78,1565,9124,839,214,31,9,7,"01:22.0",2021,20,"Dry",25.93846154,29.23974359,0.197435897,"No",63.1568486835365,0.464552812211864,82
"640",1051,78,1566,9125,20,117,5,10,11,"01:22.1",2021,20,"Dry",25.93846154,29.23974359,0.197435897,"No",46.0959430386231,0.323686097735888,82.1
